Date extracted,Rank,Title,Channel,Time posted,Views,Description,Video URL,Channel URL,Thumbnail URL
28/Dec/2021,1,DOY 300‚Ç¨ AL QUE M√ÅS ME HAGA RE√çR | SI TE R√çES PIERDES 11,Ibai,1 day ago,2.6M views,Extra√≠do de mi canal de TWITCH: https://www.twitch.tv/ibai/ MI PODCAST: https://www.youtube.com/channel/UC6jNDNkoOKQfB5djK2IBDoA TWITTER: https://twitter.com/IbaiLlanos/ INSTAGRAM: https://www.in...,https://www.youtube.com/watch?v=yG8CuT0WH2s,https://www.youtube.com/channel/UCaY_-ksFSQtTGk0y1HA_3YQ,https://i.ytimg.com/vi/yG8CuT0WH2s/hqdefault.jpg?sqp=-oaymwEcCPYBEIoBSFXyq4qpAw4IARUAAIhCGAFwAcABBg==&rs=AOn4CLB2XykQ95fNw3deQhVEQ_siX0llPA
28/Dec/2021,2,El que gana el juego se lleva $100,SpreenDMC,1 day ago,486K views,‚óè CANAL SECUNDARIO : ‚òÖ https://www.youtube.com/channel/UCgTOIiEgjm58xLjHvDjmgdA üëçMeta de LIKES: ‚òÖ ‚óè ¬°Sigueme por aqui! üëÄ ‚Ä¢ Instagram: https://www.instagram.com/ivan_buhaje/...,https://www.youtube.com/watch?v=yZg5cziDDTA,https://www.youtube.com/c/SpreenDMC1,https://i.ytimg.com/vi/yZg5cziDDTA/hqdefault.jpg?sqp=-oaymwEcCPYBEIoBSFXyq4qpAw4IARUAAIhCGAFwAcABBg==&rs=AOn4CLAGMVXMoy_ykH1Br--lpyaPhXIhqg
28/Dec/2021,3,Tienes 10.000.000 $ üò± | Fabru Blacutt,Fabru Blacutt,1 day ago,1.5M views,,https://www.youtube.com/shorts/U-u6h_ipV2s,https://www.youtube.com/channel/UCTyMSsycWpY1bQxeyF3ywUw,https://i.ytimg.com/vi/U-u6h_ipV2s/hq2.jpg
28/Dec/2021,4,EL GRAN CAMBIO DE FREDDY EN FNAF SECURITY BREACH,Jota.,1 day ago,760K views,"Freddy es uno de los animatronicos mas carasteristicos de la saga de FNAF, pero su cambio de ser el robot mas emblematico que nos asustaba a ser el que nos protege NO ES UNA CASUALIDAD, este...",https://www.youtube.com/watch?v=pe-Rlk8zG3c,https://www.youtube.com/c/Jota17,https://i.ytimg.com/vi/pe-Rlk8zG3c/hqdefault.jpg?sqp=-oaymwEcCPYBEIoBSFXyq4qpAw4IARUAAIhCGAFwAcABBg==&rs=AOn4CLA6GrHL4TIzq4Ww_ahC6a8s2adoTA
28/Dec/2021,5,Compa√±ero rata | TeleKwai - Kwai App,Portico CE,1 day ago,370K views,Tirando esos tips peligrosos ¬°Coment√°! Sigue nuestro canal de Youtube para ver m√°s historias como esta. https://bit.ly/PorticoCEYoutube Sigue nuestros perfiles de Kwai para descubrir todas...,https://www.youtube.com/shorts/ftxm5XJOdNI,https://www.youtube.com/c/PorticoCE,https://i.ytimg.com/vi/ftxm5XJOdNI/hq2.jpg
28/Dec/2021,6,GUILLE AQUINO PRESIDENTE | Trailer #1,Guille Aquino,1 day ago,160K views,Ya pod√©s ver el ESPECIAL DE 1 HORA | Entradas en el link http://www.alternativateatral.com/obra77196-guille-aquino-presidente,https://www.youtube.com/watch?v=jJmuPAj4d0E,https://www.youtube.com/c/GuilleAquino,https://i.ytimg.com/vi/jJmuPAj4d0E/hqdefault.jpg?sqp=-oaymwEcCPYBEIoBSFXyq4qpAw4IARUAAIhCGAFwAcABBg==&rs=AOn4CLDWue-Wy3uxOK1pSCEVaC3DShwK7A
28/Dec/2021,7,¬øLos MUSULMANES pueden USAR TATUAJES? El Pana Arabe RESPONDE #shorts #viral,El Pana Arabe,1 day ago,709K views,,https://www.youtube.com/shorts/O-eTkol9rD0,https://www.youtube.com/c/ElPanaArabe,https://i.ytimg.com/vi/O-eTkol9rD0/hq2.jpg
28/Dec/2021,8,LA PEOR NAVIDAD,&loly&,1 day ago,113K views,"Espero que les guste, los amo ‚ù§Ô∏è Comenten ‚Äúfeliz navidad‚Äù denle like al video y suscr√≠banse! MIS REDES Insta: https://www.instagram.com/lolaa_tomaszeuski/ Tik tok: https://www.tiktok.co...",https://www.youtube.com/watch?v=rEfPsCuyNJc,https://www.youtube.com/c/loly_oficial_,https://i.ytimg.com/vi/rEfPsCuyNJc/hqdefault.jpg?sqp=-oaymwEcCPYBEIoBSFXyq4qpAw4IARUAAIhCGAFwAcABBg==&rs=AOn4CLCsJ0iejEyvkRwBUaVWW88dvpWYuA
28/Dec/2021,9,Cuando eramos ni√±os! Soy Bans #shorts,Yo Soy Alfonso,1 day ago,613K views,,https://www.youtube.com/shorts/e5fywHxkr14,https://www.youtube.com/c/YoSoyAlfonso,https://i.ytimg.com/vi/e5fywHxkr14/hq2.jpg
28/Dec/2021,10,"El Juego del Calamar en la Vida Real por $456,000",MrBeast en Espa√±ol,1 day ago,8.6M views,¬°ASEG√öRATE DE VER HASTA EL PUENTE DE CRISTAL ES UNA LOCURA! Nuevos productos - https://shopmrbeast.com/ üê∂ https://www.youtube.com/c/MrBeastenEspa√±ol?sub_confirmation=1 SUSCR√çBETE O ME...,https://www.youtube.com/watch?v=54Eu9Yzd7xc,https://www.youtube.com/c/MrBeastenEspa%C3%B1ol,https://i.ytimg.com/vi/54Eu9Yzd7xc/hqdefault.jpg?sqp=-oaymwEcCPYBEIoBSFXyq4qpAw4IARUAAIhCGAFwAcABBg==&rs=AOn4CLCQsoSKXUtwEM2Hc9te9aaqD_VZBw
28/Dec/2021,11,¬ø #sabiasque ? üèúüçû #datoscuriosos #aprender #curiosidades #shorts,Emmanuel Con Doble Eme,1 day ago,504K views,,https://www.youtube.com/shorts/HFv3_lfffe4,https://www.youtube.com/channel/UCdk1PtTed5bhyQNvGVwzLZg,https://i.ytimg.com/vi_webp/HFv3_lfffe4/hq2.webp
28/Dec/2021,12,El BRUTAL Proceso De Maquillaje De Jim Carrey Para EL GRINCH,Hello There,2 days ago,973K views,,https://www.youtube.com/shorts/a9hrhi0LxMI,https://www.youtube.com/c/HelloThereOficial,https://i.ytimg.com/vi/a9hrhi0LxMI/hq2.jpg
28/Dec/2021,13,Santa RM - Mucho Para M√≠ (Ft. Franco Escamilla) [Video Oficial],SANTA RM,4 days ago,959K views,Santa RM - Mucho Para M√≠ (Ft. Franco Escamilla) [Video Oficial] #SantaRM #FrancoEscamilla #AlkaProduce #MuchoParaM√≠ Kraken Label 2021 Disponible ya en spotify: https://open.spotify.com/album/5...,https://www.youtube.com/watch?v=ymJ1svwvpLQ,https://www.youtube.com/channel/UCwiiACQ5jBDLF1kbrdzVaWA,https://i.ytimg.com/vi/ymJ1svwvpLQ/hqdefault.jpg?sqp=-oaymwEcCPYBEIoBSFXyq4qpAw4IARUAAIhCGAFwAcABBg==&rs=AOn4CLCZ8ioUw6XD9for9uvzC2IqsNjVKg
28/Dec/2021,14,NUESTRA CASA SE CONGELA QUEDAMOS ATRAPADOS A -20¬∞C | LOS POLINESIOS VLOGS,LosPolinesios,2 days ago,1.7M views,Familia aqu√≠ les dejamos el link del sitio web para que compren sus boletos para JUMP https://platicapolinesia.com/jump Aqu√≠ les dejamos el link de nuestro nuevo √°lbum: https://bfan.link/jump-6...,https://www.youtube.com/watch?v=uvcucTS7-CE,https://www.youtube.com/c/LosPolinesios,https://i.ytimg.com/vi/uvcucTS7-CE/hqdefault.jpg?sqp=-oaymwEcCPYBEIoBSFXyq4qpAw4IARUAAIhCGAFwAcABBg==&rs=AOn4CLDFa3mDqPZY0USG8YDkBFrsf-9BBw
28/Dec/2021,15,Y tu que tipo de persona eres? Cuchillo o cucharita? üôäüòù Te leemos en comentarios! #Shorts,SKY and TAMI Shorts,4 days ago,248K views,,https://www.youtube.com/shorts/OiZGI7BB9RQ,https://www.youtube.com/c/SKYandTAMIShorts,https://i.ytimg.com/vi/OiZGI7BB9RQ/hq2.jpg
28/Dec/2021,16,Colores y mi hijo deciden mi maquillaje (video viejo) #shorts,Nayelly Garc√≠a,8 days ago,1.3M views,#shorts #shortvideo No olvides seguirme en mis redes socialesüßö INSTAGRAM: https://instagram.com/yellymakeup?utm_medium=copy_link TIKTOK: https://vm.tiktok.com/ZMe3K4RyR/ INSTAGRAM...,https://www.youtube.com/shorts/RD8YddUg8iM,https://www.youtube.com/c/NayellyGarc%C3%ADa,https://i.ytimg.com/vi_webp/RD8YddUg8iM/hq2.webp
28/Dec/2021,17,"THE SIMPSONS, BAD BUNNY - TE DESEO LO MEJOR (Official Video)",Bad Bunny,3 days ago,15M views,"THE SIMPSONS, BAD BUNNY -TE DESEO LO MEJOR Trilogy Box Set - https://www.badbunnytrilogy.com/ https://elultimotourdelmundo.com/ Merch: https://shop.elultimotourdelmundo.com/ Subscribe to...",https://www.youtube.com/watch?v=m3xFuFPxOnw,https://www.youtube.com/channel/UCmBA_wu8xGg1OfOkfW13Q0Q,https://i.ytimg.com/vi/m3xFuFPxOnw/hqdefault.jpg?sqp=-oaymwEcCPYBEIoBSFXyq4qpAw4IARUAAIhCGAFwAcABBg==&rs=AOn4CLB3yhD865qFEVV6YG3SbxUS-vW_Tw
28/Dec/2021,18,Ni√±os ANTES VS AHORA abriendo los regalos de navidad #shorts üòÇüéÅ,animaLize21,3 days ago,5.4M views,,https://www.youtube.com/shorts/IQCEZalHaq8,https://www.youtube.com/channel/UCppOwOsa03UcijjFbvo8vNg,https://i.ytimg.com/vi/IQCEZalHaq8/hq2.jpg
28/Dec/2021,19,Los dos son iguales üò°,AbrahahamFlores,3 days ago,2.9M views,,https://www.youtube.com/shorts/S55S9did3ZE,https://www.youtube.com/c/AbrahahamFlores,https://i.ytimg.com/vi/S55S9did3ZE/hq2.jpg
28/Dec/2021,20,YOUTUBERS REACCIONANDO A MI √ÅRBOL DE NAVIDAD - DjMaRiiO,DjMaRiiO,2 days ago,1.2M views,‚ñ∫SUSCR√çBETE AQU√ç: http://goo.gl/Fd9Cwb ‚ñ∫Hazte MIEMBRO aqu√≠: https://goo.gl/ey73W1 ‚ûúTikTok: https://www.tiktok.com/@djmariio ‚ûúINSTAGRAM: https://instagram.com/DjMaRiiO ‚ûúTWITTER:...,https://www.youtube.com/watch?v=JyOPoq5OCgA,https://www.youtube.com/user/DjMaRiiO,https://i.ytimg.com/vi/JyOPoq5OCgA/hqdefault.jpg?sqp=-oaymwEcCPYBEIoBSFXyq4qpAw4IARUAAIhCGAFwAcABBg==&rs=AOn4CLAfoYZq2Zp2Hm9q3yszWdUdHaLCiA
28/Dec/2021,21,La Mayor√≠a No Sabe C√≥mo Funcionan las Bicicletas,Veritasium en espa√±ol,1 day ago,431K views,"¬øPor qu√© son estables las bicicletas? La respuesta m√°s com√∫n se le atribuye al efecto girosc√≥pico, pero esto No es correcto. üö≤SUSCR√çBETE para ver todos nuestros videos: https://www.youtube...",https://www.youtube.com/watch?v=E-zHtpLf4mE,https://www.youtube.com/c/Veritasiumenespa%C3%B1ol,https://i.ytimg.com/vi/E-zHtpLf4mE/hqdefault.jpg?sqp=-oaymwEcCPYBEIoBSFXyq4qpAw4IARUAAIhCGAFwAcABBg==&rs=AOn4CLCvTJ5LruNy4eRL75zR9qItKsPUOA
28/Dec/2021,22,Renuncia colectiva en EE. UU.: ¬øPor qu√© millones de personas est√°n abandonando sus empleos?,FRANCE 24 Espa√±ol,1 day ago,299K views,"Mientras millones de personas se aferran a sus puestos de trabajo en medio de una incertidumbre econ√≥mica mundial, en Estados Unidos millones de trabajadores han abandonado sus empleos. Los...",https://www.youtube.com/watch?v=V6hz3ConXsw,https://www.youtube.com/c/FRANCE24Espa%C3%B1ol,https://i.ytimg.com/vi/V6hz3ConXsw/hqdefault.jpg?sqp=-oaymwEcCPYBEIoBSFXyq4qpAw4IARUAAIhCGAFwAcABBg==&rs=AOn4CLCPex6L6qxoTGB2Pgds2ul2FYEbfw
28/Dec/2021,23,"Rodezel, Barca, JCBG, Jaime, Hasvik - OTRA VEZ (Official Video)",Rodezel,2 days ago,748K views,OTRA VEZ ya disponible en todas las plataformas. Escucha OTRA VEZ en Spotify: https://open.spotify.com/album/7ieVSW0ouHc1fOmSUe93XC?si=P8gCgGTJQrSjkd8axAnMEQ Jaime: https://www.instagram.com/jaim...,https://www.youtube.com/watch?v=ZXpk7tv47kc,https://www.youtube.com/channel/UC1wWox4z6uCxxd-0JKmOMHA,https://i.ytimg.com/vi/ZXpk7tv47kc/hqdefault.jpg?sqp=-oaymwEcCPYBEIoBSFXyq4qpAw4IARUAAIhCGAFwAcABBg==&rs=AOn4CLBgc-tZAiTPuwgwWOO1UBRYMDpk-g
28/Dec/2021,24,Cuando ABRES los REGALOS de NAVIDADüéÅüéÑ#shorts,YERRIKILLERXD,4 days ago,9.7M views,,https://www.youtube.com/shorts/N5Wx4uO_ETI,https://www.youtube.com/c/YERRIKILLERXD,https://i.ytimg.com/vi/N5Wx4uO_ETI/hq2.jpg
28/Dec/2021,25,ESTO HUELE MUY MAL !! - Rocket League Sideswipe | Fernanfloo,Fernanfloo,3 days ago,2.3M views,Gracias a EPIC por patrocinar este video!!. Descarga GRATIS el juego aqu√≠ ‚Üí https://pixly.go2cloud.org/SH2s8 Mis redes sociales: Instagram ‚Üí https://instagram.com/fernanfloo TIK...,https://www.youtube.com/watch?v=zuJ-13jwH6M,https://www.youtube.com/user/Fernanfloo,https://i.ytimg.com/vi/zuJ-13jwH6M/hqdefault.jpg?sqp=-oaymwEcCPYBEIoBSFXyq4qpAw4IARUAAIhCGAFwAcABBg==&rs=AOn4CLCQuH2KmXbD37YI3mHgEmNSxFsIuw
28/Dec/2021,26,Kaleb Di Masi ‚ùå DJ Tao - Air Force (Video Oficial),KALEB DI MASI,4 days ago,951K views,üëâ KALEB DI MASI: https://www.instagram.com/kalebdimasibaby/ Prod by üëâ DJ TAO: https://www.instagram.com/djtao.ok/ Letra: Kaleb Di Masi Baby DJ Tao Hoy se pone turra la wacha y se...,https://www.youtube.com/watch?v=Xj20CM2w8Ek,https://www.youtube.com/channel/UCkhYQOiA7AlkGJUQlL8pmSA,https://i.ytimg.com/vi/Xj20CM2w8Ek/hqdefault.jpg?sqp=-oaymwEcCPYBEIoBSFXyq4qpAw4IARUAAIhCGAFwAcABBg==&rs=AOn4CLDluHmbGjOHI1g3tp1r-DNBr2d-Hw
28/Dec/2021,27,Le regal√© un LAMBORGHINI en su cumplea√±os üéÇüò± Kimberly Loaiza,Kimberly Loaiza,4 days ago,10M views,LINDURAS GRACIAS POR VER ESTE VIDEO ME ENCANTARIA QUE LE DIERAN LIKE Y LO COMPARTIERAN FUERA DE GRAN AYUDA ‚ú® S√≠gueme en mis redes sociales ‚ú® Instagram: https://www.instagram.com/kimberl...,https://www.youtube.com/watch?v=MO8Be-IAqps,https://www.youtube.com/c/KimberlyLoaiza,https://i.ytimg.com/vi/MO8Be-IAqps/hqdefault.jpg?sqp=-oaymwEcCPYBEIoBSFXyq4qpAw4IARUAAIhCGAFwAcABBg==&rs=AOn4CLAqVQXcuaYLV9SjANpFt8TohKln9A
28/Dec/2021,28,PREPAR√â UN PASTEL PARA EL SUPER TRUCHA Y DESTRU√ç LA COCINA üò∞ Cecia Loaiza‚ú®,Cecia Loaiza,2 days ago,561K views,"‚ú® HELLO TO EVERYBODY ‚ú® Plebones espero que les haya dado gusto el tenerme de nuevo por ac√°, me encantar√≠a que te suscribieras a mi canal y me escribas ac√° abajo que videos te gustar√≠a...",https://www.youtube.com/watch?v=JwyLpn339Vs,https://www.youtube.com/channel/UCEv3u4RVNiQtNg4Usx0qyYA,https://i.ytimg.com/vi/JwyLpn339Vs/hqdefault.jpg?sqp=-oaymwEcCPYBEIoBSFXyq4qpAw4IARUAAIhCGAFwAcABBg==&rs=AOn4CLCKYqMU2Sir_1BUgJkrp0z1oz3Q3Q
28/Dec/2021,29,Kep1er ÏºÄÌîåÎü¨ | 1st Mini Album ‚ÄòFIRST IMPACT' Connection Film,Kep1er,1 day ago,737K views,Kep1er ÏºÄÌîåÎü¨ | 1st Mini Album ‚ÄòFIRST IMPACT' Connection Film 2022.1.3(MON) 6PM(KST) Kep1er Official Instagram : https://www.instagram.com/official.kep1er/ Twitter : https://twitter.com/off...,https://www.youtube.com/watch?v=qgINd69JKbs,https://www.youtube.com/c/Kep1er_Offcl,https://i.ytimg.com/vi/qgINd69JKbs/hqdefault.jpg?sqp=-oaymwEcCPYBEIoBSFXyq4qpAw4IARUAAIhCGAFwAcABBg==&rs=AOn4CLDSrHQKA1eTcPZCyPWuyoi1RSU4tA
28/Dec/2021,30,La Resurrecci√≥n de Matrix en Latinoam√©rica | enchufetv,enchufetv,1 day ago,735K views,"Neo aprendi√≥ a esquivar balas en Latinoam√©ricaüòé no tengo pruebas pero tampoco dudas üôÉ #Sketchenchufetv #enchufetv Si te roban en la Matrix, te roban en Latinoam√©rica. ¬°No, esperen!...",https://www.youtube.com/watch?v=ELgv5uf_0XQ,https://www.youtube.com/c/enchufetv,https://i.ytimg.com/vi/ELgv5uf_0XQ/hqdefault.jpg?sqp=-oaymwEcCPYBEIoBSFXyq4qpAw4IARUAAIhCGAFwAcABBg==&rs=AOn4CLBjh8b5YU01ZeQy9ERju2JFfLFE2w
28/Dec/2021,31,XI'AN: ¬øEL PEOR CONFINAMIENTO DE CHINA DESDE WUHAN? | Jabiertzo,Jabiertzo,1 day ago,220K views,"En este v√≠deo hablamos de c√≥mo est√° la situaci√≥n en Xi‚Äôan, una ciudad de 13 millones de habitantes a la que se ha aplicado un confinamiento casi total. Veremos qu√© restricciones tienen...",https://www.youtube.com/watch?v=0iG5-mm-px8,https://www.youtube.com/c/Jabiertzo,https://i.ytimg.com/vi/0iG5-mm-px8/hqdefault.jpg?sqp=-oaymwEcCPYBEIoBSFXyq4qpAw4IARUAAIhCGAFwAcABBg==&rs=AOn4CLBYqy7SxNCBHjaxV2cu66kptw-Tpg
28/Dec/2021,32,ALL ANIMATRONICS EXPLAINED in FNAF Security Breach üö® SCORING The JUMPSCARE,NintenD√∫o,3 days ago,797K views,These are all the animatronics and references to animatronics that you can find in FNAF Security Breach. We also take a look at all their jumpscare and rate them. ‚≠êÔ∏è Join our NINTENDERA...,https://www.youtube.com/watch?v=HBr8EL-NRmY,https://www.youtube.com/c/NintenD%C3%BAoES,https://i.ytimg.com/vi/HBr8EL-NRmY/hqdefault.jpg?sqp=-oaymwEcCPYBEIoBSFXyq4qpAw4IARUAAIhCGAFwAcABBg==&rs=AOn4CLCFtjaCnZ3MiC51myg9BEWpprwkrQ
28/Dec/2021,33,Rauw Alejandro - Hunter (Video Oficial),RauwAlejandroTv,4 days ago,4.5M views,Rauw Alejandro Hunter (Video Oficial) Suscr√≠bete al canal: https://goo.gl/Cqxmma Sigue a Rauw: Instagram: https://www.instagram.com/rauwalejandro Facebook: https://www.facebook.com/rauwalejandro...,https://www.youtube.com/watch?v=1246blVYb4c,https://www.youtube.com/channel/UC_Av98lDjf5KvFib5elhpYg,https://i.ytimg.com/vi/1246blVYb4c/hqdefault.jpg?sqp=-oaymwEcCPYBEIoBSFXyq4qpAw4IARUAAIhCGAFwAcABBg==&rs=AOn4CLBzdmTXlgegxcT52U9RAlOakBMRuw
28/Dec/2021,34,"Stray Kids(Ïä§Ìä∏Î†àÏù¥ÌÇ§Ï¶à), ÌÅ¨Î¶¨Ïä§ÎßàÏä§ ÌäπÎ≥Ñ Î¨¥ÎåÄ ‚ÄòÏÜåÎ¶¨Íæº (Christmas Ver.)‚Äô„Ö£2021 SBS Í∞ÄÏöîÎåÄÏ†Ñ(2021sbsgayo)„Ö£SBS ENTER.",SBS Entertainment,2 days ago,1M views,2021 Í∞ÄÏöîÎåÄÏ†Ñ SBS ÏòàÎä• ‚Äò2021 SBS Í∞ÄÏöîÎåÄÏ†Ñ(2021sbsgayo)‚Äô ‚òû 12Ïõî 25Ïùº Ïò§ÌõÑ 6Ïãú Î≥∏ Î∞©ÏÜ° #2021SBSÍ∞ÄÏöîÎåÄÏ†Ñ #StrayKids #Ïä§Ìä∏Î†àÏù¥ÌÇ§Ï¶à ‚ñ∂ Hompage : https://www.sbs.co....,https://www.youtube.com/watch?v=BTA1iARSDGI,https://www.youtube.com/user/entertainmentSBS,https://i.ytimg.com/vi/BTA1iARSDGI/hqdefault.jpg?sqp=-oaymwEcCPYBEIoBSFXyq4qpAw4IARUAAIhCGAFwAcABBg==&rs=AOn4CLD0PxJeWkkGWuOtLj3wJ9pu2zAMxQ
28/Dec/2021,35,JEON SOMI (Ï†ÑÏÜåÎØ∏) - ‚ÄòAnymore‚Äô M/V,THEBLACKLABEL,2 days ago,12M views,JEON SOMI ‚ÄòXOXO‚Äô THE FIRST ALBUM ON ALL STREAMING PLATFORMS üîä http://JEONSOMI.lnk.to/XOXO JEON SOMI ‚ÄòAnymore‚Äô You got me second guessing everything You mess me up You mess me...,https://www.youtube.com/watch?v=DOBjwlfIZdE,https://www.youtube.com/c/THEBLACKLABEL,https://i.ytimg.com/vi/DOBjwlfIZdE/hqdefault.jpg?sqp=-oaymwEcCPYBEIoBSFXyq4qpAw4IARUAAIhCGAFwAcABBg==&rs=AOn4CLA6habArFDUYfo0r7fwZ2KacVNYqA
28/Dec/2021,36,Desplegando el universo: El lanzamiento del Telescopio espacial James Webb,NASA en Espa√±ol,Streamed 2 days ago,336K views,"Sintoniza el lanzamiento del telescopio espacial James Webb, el observatorio espacial m√°s grande y complejo jam√°s construido, el cual nos permitir√° estudiar la formaci√≥n de las primeras...",https://www.youtube.com/watch?v=tlDQCmwGM5g,https://www.youtube.com/c/nasa_es,https://i.ytimg.com/vi/tlDQCmwGM5g/hqdefault.jpg?sqp=-oaymwEcCPYBEIoBSFXyq4qpAw4IARUAAIhCGAFwAcABBg==&rs=AOn4CLCad4mgPuH6CtAj1xAO2ddfudyoyg
28/Dec/2021,37,Los Palmeras & La Delio Valdez - Noche de Cumbia | El Cafetero / La Zenaida / Loquito por Ti,LA DELIO VALDEZ,4 days ago,248K views,NOCHE DE CUMBIA! En vivo en el #LunaPark Tracklist El Cafetero La Zenaida Loquito Por Ti Videos realizados por: Conurbana Audiovisual Sigannos en nuestras redes: https://www.instagram.com/orque...,https://www.youtube.com/watch?v=Lr63I4IZOPU,https://www.youtube.com/channel/UCi4rr5hrr_tNwGM67E9UKOg,https://i.ytimg.com/vi/Lr63I4IZOPU/hqdefault.jpg?sqp=-oaymwEcCPYBEIoBSFXyq4qpAw4IARUAAIhCGAFwAcABBg==&rs=AOn4CLC3viJn7YFQjtkjestrTcYeMeu_9g
28/Dec/2021,38,CUANDO DE PEQUE√ëO JUGABAS A LA Wii ü•µüéÆ #shorts,Pedro Palencia,4 days ago,3.7M views,,https://www.youtube.com/shorts/wfXH-NK-Yfg,https://www.youtube.com/c/PedroPalencia,https://i.ytimg.com/vi/wfXH-NK-Yfg/hq2.jpg
28/Dec/2021,39,ÌÅ¨Î¶¨Ïä§ÎßàÏä§ Ïò§ÌîÑÎãù Ïä§ÌéòÏÖú Î¨¥ÎåÄ ‚ÄòAll I Want for Christmas Is You‚ô¨‚Äô„Ö£2021 SBS Í∞ÄÏöîÎåÄÏ†Ñ(2021sbsgayo)„Ö£SBS ENTER.,SBS Entertainment,2 days ago,2M views,2021 SBS Í∞ÄÏöîÎåÄÏ†Ñ SBS ÏòàÎä• ‚Äò2021 SBS Í∞ÄÏöîÎåÄÏ†Ñ(2021sbsgayo)‚Äô ‚òû 12Ïõî 25Ïùº Ïò§ÌõÑ 6Ïãú Î≥∏ Î∞©ÏÜ° #2021SBSÍ∞ÄÏöîÎåÄÏ†Ñ #ÌÅ¨Î¶¨Ïä§ÎßàÏä§ #Ïò§ÌîÑÎãùÎ¨¥ÎåÄ ‚ñ∂ Hompage : https://www....,https://www.youtube.com/watch?v=cZ8QC64Yytk,https://www.youtube.com/user/entertainmentSBS,https://i.ytimg.com/vi/cZ8QC64Yytk/hqdefault.jpg?sqp=-oaymwEcCPYBEIoBSFXyq4qpAw4IARUAAIhCGAFwAcABBg==&rs=AOn4CLAmvkMwexnVCAXnjcJ9ZuqKxnR8cg
28/Dec/2021,40,Marco Antonio Sol√≠s - Navidad Sin Ti 2021,Marco Antonio Sol√≠s,3 days ago,854K views,,https://www.youtube.com/watch?v=MHe54g4Ya80,https://www.youtube.com/channel/UCIKg4QVg91aCWxXWlUkKDLw,https://i.ytimg.com/vi/MHe54g4Ya80/hqdefault.jpg?sqp=-oaymwEcCPYBEIoBSFXyq4qpAw4IARUAAIhCGAFwAcABBg==&rs=AOn4CLAY2MU3yVRA5U8kIHN24pUuHf4Acw
28/Dec/2021,41,Cocinando la cena Navide√±a ü§£| Leslie Mckenzzie üíï,Leslie Mckenzzie,3 days ago,1M views,,https://www.youtube.com/shorts/ZZaILThdKwI,https://www.youtube.com/c/LeslieMckenzzie,https://i.ytimg.com/vi_webp/ZZaILThdKwI/hq2.webp
28/Dec/2021,42,Los MODS MENOS DESCARGADOS de MINECRAFT,Farfadox,4 days ago,866K views,Larga vida al mod del Dulce de Leche ( Õ°¬∞‚ÄØÕú ñ Õ°¬∞)‚úå - Proba suerte con KeyDrop: https://key-drop.com/es CODIGO 0.55 USD: FARFADOX ----------------------------------------------------------...,https://www.youtube.com/watch?v=Q1EqYv5VqvA,https://www.youtube.com/c/Farfadox,https://i.ytimg.com/vi/Q1EqYv5VqvA/hqdefault.jpg?sqp=-oaymwEcCPYBEIoBSFXyq4qpAw4IARUAAIhCGAFwAcABBg==&rs=AOn4CLAU2RVpCJyLTW-TEzdqZo15cUuK_A
28/Dec/2021,43,Eso no se decide r√°pido! Soy Bans #shorts,Yo Soy Alfonso,4 days ago,1.6M views,,https://www.youtube.com/shorts/z8Mo4hXX1zI,https://www.youtube.com/c/YoSoyAlfonso,https://i.ytimg.com/vi/z8Mo4hXX1zI/hq2.jpg
28/Dec/2021,44,"Parto Bella Elis... As√≠ fue nuestro dia, Karlis Romero y Gustavo Elis",Karlis Romero,2 days ago,306K views,,https://www.youtube.com/watch?v=DrioiPPVLqU,https://www.youtube.com/c/KarlisRomero,https://i.ytimg.com/vi/DrioiPPVLqU/hqdefault.jpg?sqp=-oaymwEcCPYBEIoBSFXyq4qpAw4IARUAAIhCGAFwAcABBg==&rs=AOn4CLDlzI2Tr1C9vfi_o01nzlQ0kir2nA
28/Dec/2021,45,JUKILOP ME DA EL MEJOR REGALO DE CUMPLEA√ëOS üéÅ üò≠/ el s√∫per trucha,El Super Trucha,4 days ago,2.8M views,HOLA TRUCHITAS GRACIAS POR VOLVER A VERME SE QUE ES ALGO FACIL ;) COMENTA QUE MAS QUIERES VER EN ESTA PECERA Te dejo mis redesüêü üêü INSTAGRAM: https://www.instagram.com/elsupertruc.....,https://www.youtube.com/watch?v=IR75whq6Pnw,https://www.youtube.com/c/ElSuperTrucha,https://i.ytimg.com/vi/IR75whq6Pnw/hqdefault.jpg?sqp=-oaymwEcCPYBEIoBSFXyq4qpAw4IARUAAIhCGAFwAcABBg==&rs=AOn4CLCoIqGCLOIB61IUHP5w0O7JIoKASQ
28/Dec/2021,46,DONANDO a STREAMERS por NAVIDAD üéÖ,JuanSGuarnizo,4 days ago,1.8M views,"Otro a√±o, otra navidad y otro donando a streamers navide√±o, desde Grefg, Spreen, Ari y Staryukii. Espero les guste y feliz navidad. :D Canal secundario: https://www.youtube.com/watch?v=rwngjcyH4...",https://www.youtube.com/watch?v=yyhjs-fjgQw,https://www.youtube.com/c/JuanSGuarnizo,https://i.ytimg.com/vi/yyhjs-fjgQw/hqdefault.jpg?sqp=-oaymwEcCPYBEIoBSFXyq4qpAw4IARUAAIhCGAFwAcABBg==&rs=AOn4CLDe4zbTTRsDVfvOKV_TcXp9mxj2fw
28/Dec/2021,47,Rep√∫blica Centroamericana,Historia Para Tontos Oficial,4 days ago,1.2M views,,https://www.youtube.com/shorts/_CHbi1EFLcs,https://www.youtube.com/channel/UCVvYB5q5UJ4KZwlYdVW35zA,https://i.ytimg.com/vi/_CHbi1EFLcs/hq2.jpg
28/Dec/2021,48,REMODELO LOS ZAPATOS M√ÅS USADOS POR SANDRA CIRES ART | Regalo Sorpresa | HaroldArtist,HaroldArtist,4 days ago,802K views,"Hoy les traigo un video super especial ! Me decid√≠ a remodelar o restaurar los zapatos mas usados por Sandra Cires Art, unos zapatos a los que yo los llame los TIKI TAKAS por su gran historia...",https://www.youtube.com/watch?v=qwmMZmDAlMo,https://www.youtube.com/c/HaroldArtist,https://i.ytimg.com/vi/qwmMZmDAlMo/hqdefault.jpg?sqp=-oaymwEcCPYBEIoBSFXyq4qpAw4IARUAAIhCGAFwAcABBg==&rs=AOn4CLB_F8tvl0HSAisJlwkgZi_5WjAjrQ
28/Dec/2021,49,BROMA PESADA a IAN LUCAS *TRAIGO A VIVIR A UN AMIGO* Ft TEODM y NICK SICARO!,Mati Soste,4 days ago,157K views,"Escucha ""Me Pido Perd√≥n"": https://youtu.be/Yb8Wl_XQfxk SEGUIME EN INSTAGRAM: https://instagram.com/matiassoste TIKTOK: https://vm.tiktok.com/ZMe2PBUsB/ Primer Broma/C√°mara oculta que hago...",https://www.youtube.com/watch?v=cE6JtuqA6Ak,https://www.youtube.com/c/MatiSoste,https://i.ytimg.com/vi/cE6JtuqA6Ak/hqdefault.jpg?sqp=-oaymwEcCPYBEIoBSFXyq4qpAw4IARUAAIhCGAFwAcABBg==&rs=AOn4CLBK_s5THVzfjSo8NpSKpF4yV9QL8Q
28/Dec/2021,50,¬°REGRES√â Y ESTA ES MI NUEVA VIDA! Esto me sucede ahora ‚ù§Ô∏è-Yuya,Yuya,4 days ago,2.1M views,"¬°Hola, hola guapuras! Que hermoso volvernos a encontrar por aqu√≠. Estoy emocionada y muy, muy feliz por compartir un poquito con ustedes de esta nueva etapa con mi Mar. Gracias por estar...",https://www.youtube.com/watch?v=wd_MQ3os0M0,https://www.youtube.com/c/Yuya,https://i.ytimg.com/vi/wd_MQ3os0M0/hqdefault.jpg?sqp=-oaymwEcCPYBEIoBSFXyq4qpAw4IARUAAIhCGAFwAcABBg==&rs=AOn4CLDgzipT9zDItPpGF3OSJSZ4_vWhmw
28/Dec/2021,51,"Emilia, Rusherking - De Enero a Diciembre (Official Video)",Emilia,12 days ago,5.7M views,"Emilia, Rusher King ‚Äì De Enero a Diciembre (Official Video) M√∫sica: Apple Music: https://emilia.lnk.to/DeEneroADiciembre/applemusic Spotify: https://emilia.lnk.to/DeEneroADiciembre/spotify...",https://www.youtube.com/watch?v=iHfULqiypWA,https://www.youtube.com/channel/UC4osEqmcQL5d1UYJVft-klA,https://i.ytimg.com/vi/iHfULqiypWA/hqdefault.jpg?sqp=-oaymwEcCPYBEIoBSFXyq4qpAw4IARUAAIhCGAFwAcABBg==&rs=AOn4CLD59fzu_DmaSa4dJjFrENOt2AE9oA
28/Dec/2021,52,Le regal√© un LAMBORGHINI en su cumplea√±os üéÇüò± Kimberly Loaiza,Kimberly Loaiza,4 days ago,10M views,LINDURAS GRACIAS POR VER ESTE VIDEO ME ENCANTARIA QUE LE DIERAN LIKE Y LO COMPARTIERAN FUERA DE GRAN AYUDA ‚ú® S√≠gueme en mis redes sociales ‚ú® Instagram: https://www.instagram.com/kimberl...,https://www.youtube.com/watch?v=MO8Be-IAqps,https://www.youtube.com/c/KimberlyLoaiza,https://i.ytimg.com/vi/MO8Be-IAqps/hqdefault.jpg?sqp=-oaymwEcCPYBEIoBSFXyq4qpAw4IARUAAIhCGAFwAcABBg==&rs=AOn4CLAqVQXcuaYLV9SjANpFt8TohKln9A
28/Dec/2021,53,Kaleb Di Masi ‚ùå DJ Tao - Air Force (Video Oficial),KALEB DI MASI,4 days ago,951K views,üëâ KALEB DI MASI: https://www.instagram.com/kalebdimasibaby/ Prod by üëâ DJ TAO: https://www.instagram.com/djtao.ok/ Letra: Kaleb Di Masi Baby DJ Tao Hoy se pone turra la wacha y se...,https://www.youtube.com/watch?v=Xj20CM2w8Ek,https://www.youtube.com/channel/UCkhYQOiA7AlkGJUQlL8pmSA,https://i.ytimg.com/vi/Xj20CM2w8Ek/hqdefault.jpg?sqp=-oaymwEcCPYBEIoBSFXyq4qpAw4IARUAAIhCGAFwAcABBg==&rs=AOn4CLDluHmbGjOHI1g3tp1r-DNBr2d-Hw
28/Dec/2021,54,"Si te toca DORADO ser√°s FAMOSO, pero‚Ä¶ | Fabru Blacutt",Fabru Blacutt,7 days ago,11M views,,https://www.youtube.com/shorts/Nub1xBRjoGo,https://www.youtube.com/channel/UCTyMSsycWpY1bQxeyF3ywUw,https://i.ytimg.com/vi/Nub1xBRjoGo/hq2.jpg
28/Dec/2021,55,DOY 300‚Ç¨ AL QUE M√ÅS ME HAGA RE√çR | SI TE R√çES PIERDES 11,Ibai,1 day ago,2.6M views,Extra√≠do de mi canal de TWITCH: https://www.twitch.tv/ibai/ MI PODCAST: https://www.youtube.com/channel/UC6jNDNkoOKQfB5djK2IBDoA TWITTER: https://twitter.com/IbaiLlanos/ INSTAGRAM: https://www.in...,https://www.youtube.com/watch?v=yG8CuT0WH2s,https://www.youtube.com/channel/UCaY_-ksFSQtTGk0y1HA_3YQ,https://i.ytimg.com/vi/yG8CuT0WH2s/hqdefault.jpg?sqp=-oaymwEcCPYBEIoBSFXyq4qpAw4IARUAAIhCGAFwAcABBg==&rs=AOn4CLB2XykQ95fNw3deQhVEQ_siX0llPA
28/Dec/2021,56,Los dos son iguales üò°,AbrahahamFlores,3 days ago,2.9M views,,https://www.youtube.com/shorts/S55S9did3ZE,https://www.youtube.com/c/AbrahahamFlores,https://i.ytimg.com/vi/S55S9did3ZE/hq2.jpg
28/Dec/2021,57,"Abel Pintos, Los Palmeras - Camina (Suave y Elegante) (Official Video)",Abel Pintos,12 days ago,2.7M views,"Escuchalo AC√Å ‚ñ∂ https://lnk.to/Camina LO MEJOR DE ABEL ‚ñ∂ https://lnk.to/ExitosDeAbel Mir√° ""Motivos"": https://youtu.be/G8GmJLAfl5o Mir√° ""Piedra Libre"": https://youtu.be/EQ-bPrLvr_U Mir√°...",https://www.youtube.com/watch?v=iSAl7X54gnk,https://www.youtube.com/channel/UCp0x0iqZJhBIRYhuhwWX91A,https://i.ytimg.com/vi/iSAl7X54gnk/hqdefault.jpg?sqp=-oaymwEcCPYBEIoBSFXyq4qpAw4IARUAAIhCGAFwAcABBg==&rs=AOn4CLAjWxloz1D-4kPf-2QsgDzIe5PXuA
28/Dec/2021,58,CUANDO DE PEQUE√ëO JUGABAS A LA Wii ü•µüéÆ #shorts,Pedro Palencia,4 days ago,3.7M views,,https://www.youtube.com/shorts/wfXH-NK-Yfg,https://www.youtube.com/c/PedroPalencia,https://i.ytimg.com/vi/wfXH-NK-Yfg/hq2.jpg
28/Dec/2021,59,CUALES SON LOS LOGOS CORRECTOS DE ESTAS FOTOS,LuisTopsYT,6 days ago,6.1M views,,https://www.youtube.com/shorts/XS3wURW2aIQ,https://www.youtube.com/channel/UC_VrcG-ny7e6J16ebCnRMvA,https://i.ytimg.com/vi/XS3wURW2aIQ/hq2.jpg
28/Dec/2021,60,El que gana el juego se lleva $100,SpreenDMC,1 day ago,486K views,‚óè CANAL SECUNDARIO : ‚òÖ https://www.youtube.com/channel/UCgTOIiEgjm58xLjHvDjmgdA üëçMeta de LIKES: ‚òÖ ‚óè ¬°Sigueme por aqui! üëÄ ‚Ä¢ Instagram: https://www.instagram.com/ivan_buhaje/...,https://www.youtube.com/watch?v=yZg5cziDDTA,https://www.youtube.com/c/SpreenDMC1,https://i.ytimg.com/vi/yZg5cziDDTA/hqdefault.jpg?sqp=-oaymwEcCPYBEIoBSFXyq4qpAw4IARUAAIhCGAFwAcABBg==&rs=AOn4CLAGMVXMoy_ykH1Br--lpyaPhXIhqg
28/Dec/2021,61,Kaleb Di Masi - Hace Calor (Video Oficial),KALEB DI MASI,2 weeks ago,4.7M views,üëâ KALEB DI MASI: https://www.instagram.com/kalebdimasibaby/ PROD by Omar Varela üëâ https://www.instagram.com/omarvarelaofficial/ Letra Se que √©l te lastim√≥ Que tu coraz√≥n rompi√≥...,https://www.youtube.com/watch?v=SNIboG-F6mI,https://www.youtube.com/channel/UCkhYQOiA7AlkGJUQlL8pmSA,https://i.ytimg.com/vi/SNIboG-F6mI/hqdefault.jpg?sqp=-oaymwEcCPYBEIoBSFXyq4qpAw4IARUAAIhCGAFwAcABBg==&rs=AOn4CLDMe6aNtci9AjhNjX1ao9bnI4p8QQ
28/Dec/2021,62,Rauw Alejandro - Hunter (Video Oficial),RauwAlejandroTv,4 days ago,4.5M views,Rauw Alejandro Hunter (Video Oficial) Suscr√≠bete al canal: https://goo.gl/Cqxmma Sigue a Rauw: Instagram: https://www.instagram.com/rauwalejandro Facebook: https://www.facebook.com/rauwalejandro...,https://www.youtube.com/watch?v=1246blVYb4c,https://www.youtube.com/channel/UC_Av98lDjf5KvFib5elhpYg,https://i.ytimg.com/vi/1246blVYb4c/hqdefault.jpg?sqp=-oaymwEcCPYBEIoBSFXyq4qpAw4IARUAAIhCGAFwAcABBg==&rs=AOn4CLBzdmTXlgegxcT52U9RAlOakBMRuw
28/Dec/2021,63,¬øPor Qu√© A El Spider-Man De Tobey Maguire Le Salen Telara√±as De Las Manos?,Hello There,10 days ago,6.9M views,Suscr√≠bete a Hello There! ‚ñ∫ https://bit.ly/3pJ55NZ Facebook | https://www.facebook.com/hellothereoficial/ Instagram | https://www.instagram.com/hellothereoficial TikTok | https://www.tiktok.co...,https://www.youtube.com/shorts/l8ZEk5Y-DPI,https://www.youtube.com/c/HelloThereOficial,https://i.ytimg.com/vi_webp/l8ZEk5Y-DPI/hq2.webp
28/Dec/2021,64,Los Palmeras & La Delio Valdez - Noche de Cumbia | El Cafetero / La Zenaida / Loquito por Ti,LA DELIO VALDEZ,4 days ago,248K views,NOCHE DE CUMBIA! En vivo en el #LunaPark Tracklist El Cafetero La Zenaida Loquito Por Ti Videos realizados por: Conurbana Audiovisual Sigannos en nuestras redes: https://www.instagram.com/orque...,https://www.youtube.com/watch?v=Lr63I4IZOPU,https://www.youtube.com/channel/UCi4rr5hrr_tNwGM67E9UKOg,https://i.ytimg.com/vi/Lr63I4IZOPU/hqdefault.jpg?sqp=-oaymwEcCPYBEIoBSFXyq4qpAw4IARUAAIhCGAFwAcABBg==&rs=AOn4CLC3viJn7YFQjtkjestrTcYeMeu_9g
28/Dec/2021,65,Le ROMPO TODOS los HUESOS a HUGGY WUGGY en GTA 5! üëªü¶¥ (Mods),E-MasterSensei,8 days ago,4M views,"GRAND THEFT AUTO V (GTA 5, GTA V): Le ROMPO TODOS los HUESOS a HUGGY WUGGY en GTA 5! üëªü¶¥ (Mods) Grand Theft Auto 5! Si quieres que suba m√°s v√≠deos de Misterios y Curiosidades de este...",https://www.youtube.com/watch?v=UWro7BHHPKI,https://www.youtube.com/c/EMasterSensei,https://i.ytimg.com/vi/UWro7BHHPKI/hqdefault.jpg?sqp=-oaymwEcCPYBEIoBSFXyq4qpAw4IARUAAIhCGAFwAcABBg==&rs=AOn4CLBDMnyvXcbVj-3RSUMwHaSdnWPSUg
28/Dec/2021,66,Tienes 10.000.000 $ üò± | Fabru Blacutt,Fabru Blacutt,1 day ago,1.5M views,,https://www.youtube.com/shorts/U-u6h_ipV2s,https://www.youtube.com/channel/UCTyMSsycWpY1bQxeyF3ywUw,https://i.ytimg.com/vi/U-u6h_ipV2s/hq2.jpg
28/Dec/2021,67,EL GRAN CAMBIO DE FREDDY EN FNAF SECURITY BREACH,Jota.,1 day ago,760K views,"Freddy es uno de los animatronicos mas carasteristicos de la saga de FNAF, pero su cambio de ser el robot mas emblematico que nos asustaba a ser el que nos protege NO ES UNA CASUALIDAD, este...",https://www.youtube.com/watch?v=pe-Rlk8zG3c,https://www.youtube.com/c/Jota17,https://i.ytimg.com/vi/pe-Rlk8zG3c/hqdefault.jpg?sqp=-oaymwEcCPYBEIoBSFXyq4qpAw4IARUAAIhCGAFwAcABBg==&rs=AOn4CLA6GrHL4TIzq4Ww_ahC6a8s2adoTA
28/Dec/2021,68,CONECTANDOME CON ALBERT EINSTEIN,hola yeyo,7 days ago,4.7M views,No olviden suscribirse!!!! #short #ytshort #conexion #vlog Conecta con yeyo: twitter: https://twitter.com/holayeyo_/ instagram: https://www.instagram.com/holayeyo_/ TikTok:...,https://www.youtube.com/shorts/-k6hj4pFrX0,https://www.youtube.com/c/holayeyo,https://i.ytimg.com/vi/-k6hj4pFrX0/hq2.jpg
28/Dec/2021,69,Pou Bob Mickey Sonic y Huggy Wuggy de PESADILLA en SPORE | CREANDO PESADILLAS FNF,El Mundo de Ghast,5 days ago,1.3M views,"Hola soy Ghast y en este Creando pesadillas voy a crear varios mods de terror de Friday night funkin en el juego Spore. No te pierdas a algunos de los mods mas cursed de fnf como Pou, Bob,...",https://www.youtube.com/watch?v=qwYu7LajnbY,https://www.youtube.com/c/ElMundodeGhast,https://i.ytimg.com/vi/qwYu7LajnbY/hqdefault.jpg?sqp=-oaymwEcCPYBEIoBSFXyq4qpAw4IARUAAIhCGAFwAcABBg==&rs=AOn4CLDMNMkwqyCI1-0mInANVfIrByoFTQ
28/Dec/2021,70,Hermes | Destripando la Historia,Pascu y Rodri,5 days ago,3.4M views,"¬°Descubre ya la historia de Hermes, dios de los ladrones y las ovejas y mensajero de los dioses! Baila al ritmo de sus aventuras con Zeus y Poseid√≥n, su romance con Afrodita, el nacimiento...",https://www.youtube.com/watch?v=Tda5u5JNRko,https://www.youtube.com/channel/UCxIBZ-nQhgZES3UaTm8eDPA,https://i.ytimg.com/vi/Tda5u5JNRko/hqdefault.jpg?sqp=-oaymwEcCPYBEIoBSFXyq4qpAw4IARUAAIhCGAFwAcABBg==&rs=AOn4CLDJ7T7MNbL2WVMr3wEqnk_ijSUQug
28/Dec/2021,71,Ke personajes - Tremendo (VIDEO OFICIAL),Ke Personajes,5 days ago,445K views,"Y como siempre, sin querer, una mas para el cuaderno... Voz: Emanuel Noir. Teclado: Joel Brem Percusi√≥n: Sebasti√°n Boffelli. G√ºiro: Enzo Mart√≠nez. Facebook: https://www.facebook.com/ke...",https://www.youtube.com/watch?v=ywXOBFaJ53Q,https://www.youtube.com/channel/UCkUnbNviJtOMu-9Jgfr1P_w,https://i.ytimg.com/vi/ywXOBFaJ53Q/hqdefault.jpg?sqp=-oaymwEcCPYBEIoBSFXyq4qpAw4IARUAAIhCGAFwAcABBg==&rs=AOn4CLCX92lZesbC3xQY-EfIQBP3Ovtx9w
28/Dec/2021,72,Lo intentamos reina üòÇüíï,Maria Becerra Music,5 days ago,495K views,,https://www.youtube.com/shorts/SBFvtAKBs1U,https://www.youtube.com/channel/UCEcb76oxfjpX5eGysQCHvcA,https://i.ytimg.com/vi_webp/SBFvtAKBs1U/hq2.webp
28/Dec/2021,73,NUESTRA CASA SE CONGELA QUEDAMOS ATRAPADOS A -20¬∞C | LOS POLINESIOS VLOGS,LosPolinesios,2 days ago,1.7M views,Familia aqu√≠ les dejamos el link del sitio web para que compren sus boletos para JUMP https://platicapolinesia.com/jump Aqu√≠ les dejamos el link de nuestro nuevo √°lbum: https://bfan.link/jump-6...,https://www.youtube.com/watch?v=uvcucTS7-CE,https://www.youtube.com/c/LosPolinesios,https://i.ytimg.com/vi/uvcucTS7-CE/hqdefault.jpg?sqp=-oaymwEcCPYBEIoBSFXyq4qpAw4IARUAAIhCGAFwAcABBg==&rs=AOn4CLDFa3mDqPZY0USG8YDkBFrsf-9BBw
28/Dec/2021,74,Reja x Fede Vigevani - Full Soltera (Video Oficial),ElReja,5 days ago,938K views,Pre-Save: https://orcd.co/fullsoltera Suscribite a mi canal: https://bit.ly/2HIbhF2 @Montevideo Music Group Reja x Fede Vigevani - Full Soltera (Video Oficial) Segu√≠ a El Reja https://www...,https://www.youtube.com/watch?v=eMvAHHJO7TA,https://www.youtube.com/channel/UCPR1lDo3eMoiw_jhYDy89bQ,https://i.ytimg.com/vi/eMvAHHJO7TA/hqdefault.jpg?sqp=-oaymwEcCPYBEIoBSFXyq4qpAw4IARUAAIhCGAFwAcABBg==&rs=AOn4CLB_d7bCSSNdmqFTWwX9Y0blCB6wKA
28/Dec/2021,75,Los MODS MENOS DESCARGADOS de MINECRAFT,Farfadox,4 days ago,866K views,Larga vida al mod del Dulce de Leche ( Õ°¬∞‚ÄØÕú ñ Õ°¬∞)‚úå - Proba suerte con KeyDrop: https://key-drop.com/es CODIGO 0.55 USD: FARFADOX ----------------------------------------------------------...,https://www.youtube.com/watch?v=Q1EqYv5VqvA,https://www.youtube.com/c/Farfadox,https://i.ytimg.com/vi/Q1EqYv5VqvA/hqdefault.jpg?sqp=-oaymwEcCPYBEIoBSFXyq4qpAw4IARUAAIhCGAFwAcABBg==&rs=AOn4CLAU2RVpCJyLTW-TEzdqZo15cUuK_A
28/Dec/2021,76,Eso no se decide r√°pido! Soy Bans #shorts,Yo Soy Alfonso,4 days ago,1.6M views,,https://www.youtube.com/shorts/z8Mo4hXX1zI,https://www.youtube.com/c/YoSoyAlfonso,https://i.ytimg.com/vi/z8Mo4hXX1zI/hq2.jpg
28/Dec/2021,77,Quien es? ü§≠,yaneireach,11 days ago,5M views,,https://www.youtube.com/shorts/xEtkCQUVGJE,https://www.youtube.com/user/yakokamakey,https://i.ytimg.com/vi/xEtkCQUVGJE/hq2.jpg
28/Dec/2021,78,üöÄ ¬øHab√≠as escuchado sobre el carry trade? // #finanzas #carrytrade #inversiones,Luis Mi Negocios,11 days ago,2.3M views,,https://www.youtube.com/shorts/k2aY2-9nCWQ,https://www.youtube.com/c/LuisMiNegocios,https://i.ytimg.com/vi_webp/k2aY2-9nCWQ/hq2.webp
28/Dec/2021,79,ya pasaron los 30 dias,Mr.mandibulas,9 days ago,2.9M views,Directos en Twich: https://www.twitch.tv/mrmandibulass ü§ëunete a nuestro Discord: https://discord.io/Mr-Mandibulas ü•≥mi insta: https://www.instagram.com/mr.mandibul... üñ§Quieres obtener...,https://www.youtube.com/shorts/Fhuegx5YuoM,https://www.youtube.com/c/SoyFernandocortez,https://i.ytimg.com/vi_webp/Fhuegx5YuoM/hq2.webp
28/Dec/2021,80,¬°Imposible 0.0000001% de probabilidades!,Beast Reacts en Espa√±ol,8 days ago,4.9M views,üçÄ SUSCR√çBETE O TENDR√ÅS MALA SUERTE üçÄ SUSCR√çBETE AHORA!! ‚ïî‚ïê‚ï¶‚ïó‚ïî‚ï¶‚ïê‚ï¶‚ïê‚ï¶‚ï¶‚ï¶‚ï¶‚ïó‚ïî‚ïê‚ï¶‚ïê‚ïê‚ï¶‚ïê‚ïó ‚ïë‚ïö‚ï£‚ïë‚ïë‚ïë‚ïö‚ï£‚ïî‚ï£‚ïî‚ï£‚ïë‚ïö‚ï£‚ïê‚ï¨‚ïó‚ïî‚ï£‚ïê...,https://www.youtube.com/watch?v=_7fUa0c74k4,https://www.youtube.com/channel/UCL6Xc5xuRECnWbGBOKG9APA,https://i.ytimg.com/vi/_7fUa0c74k4/hqdefault.jpg?sqp=-oaymwEcCPYBEIoBSFXyq4qpAw4IARUAAIhCGAFwAcABBg==&rs=AOn4CLAOkgPXpzSkgPyeRsF-goSOIEYCSg
28/Dec/2021,81,SEVEN KAYNE x Khea - 01. Dame Love Remix (Video Oficial),SEVEN KAYNE,11 days ago,1.7M views,SEVEN KAYNE x Khea - Dame Love (Remix) (Video Oficial) Suscribete al canal: https://sevenkayne.lnk.to/youtube Siete Secretos: https://sevenkayne.lnk.to/7secretos Prod. MARLKU https://www.inst...,https://www.youtube.com/watch?v=MiVmqDDySbQ,https://www.youtube.com/channel/UCPkCAfx12Xp_qFBlMmTOiNA,https://i.ytimg.com/vi/MiVmqDDySbQ/hqdefault.jpg?sqp=-oaymwEcCPYBEIoBSFXyq4qpAw4IARUAAIhCGAFwAcABBg==&rs=AOn4CLBjs94_7XcaHDsugRrAuzFPcJiudA
28/Dec/2021,82,ESTO HUELE MUY MAL !! - Rocket League Sideswipe | Fernanfloo,Fernanfloo,3 days ago,2.3M views,Gracias a EPIC por patrocinar este video!!. Descarga GRATIS el juego aqu√≠ ‚Üí https://pixly.go2cloud.org/SH2s8 Mis redes sociales: Instagram ‚Üí https://instagram.com/fernanfloo TIK...,https://www.youtube.com/watch?v=zuJ-13jwH6M,https://www.youtube.com/user/Fernanfloo,https://i.ytimg.com/vi/zuJ-13jwH6M/hqdefault.jpg?sqp=-oaymwEcCPYBEIoBSFXyq4qpAw4IARUAAIhCGAFwAcABBg==&rs=AOn4CLCQuH2KmXbD37YI3mHgEmNSxFsIuw
28/Dec/2021,83,Cuando tienes nombre raro! Soy Bans #shorts,Yo Soy Alfonso,8 days ago,3.9M views,,https://www.youtube.com/shorts/obtczNWyvK8,https://www.youtube.com/c/YoSoyAlfonso,https://i.ytimg.com/vi/obtczNWyvK8/hq2.jpg
28/Dec/2021,84,Le romp√≠ su celular- BROMA,Ali Izquierdo,5 days ago,3M views,,https://www.youtube.com/shorts/POYTkp10gLw,https://www.youtube.com/c/AliIzquierdo,https://i.ytimg.com/vi/POYTkp10gLw/hq2.jpg
28/Dec/2021,85,El BRUTAL Proceso De Maquillaje De Jim Carrey Para EL GRINCH,Hello There,2 days ago,973K views,,https://www.youtube.com/shorts/a9hrhi0LxMI,https://www.youtube.com/c/HelloThereOficial,https://i.ytimg.com/vi/a9hrhi0LxMI/hq2.jpg
28/Dec/2021,86,"¬°$2 VS $16,000 Casas de Minecraft!",MrBeast Gaming en Espa√±ol,5 days ago,7.9M views,üçÄ SUSCR√çBETE O TENDR√ÅS MALA SUERTE üçÄ ¬°Compramos 100s de edificios en Minecraft que van desde $ 1 todo el camino hasta $ 16.000! Un saludo masivo a Sapnap y Fundy por estar en el...,https://www.youtube.com/watch?v=IimnkBBF1G4,https://www.youtube.com/c/mrbeastgamingespanol,https://i.ytimg.com/vi/IimnkBBF1G4/hqdefault.jpg?sqp=-oaymwEcCPYBEIoBSFXyq4qpAw4IARUAAIhCGAFwAcABBg==&rs=AOn4CLA3n0Ak7Xk0KgHI4omGgGUN2h70_g
28/Dec/2021,87,"EL NOBA | DJ TAO, DT.BILARDO Turreo Sessions #7",DJTAO,2 weeks ago,3.6M views,El Noba: https://www.instagram.com/el_noba1312 Dj Tao: https://www.instagram.com/djtao.ok Dt Bilardo: https://www.instagram.com/dtbilardo Al Records: https://www.instagram.com/alrecords.ok...,https://www.youtube.com/watch?v=4JKTRN9r6YQ,https://www.youtube.com/channel/UCyiwar-RTX3b9ONMu7ANCLA,https://i.ytimg.com/vi/4JKTRN9r6YQ/hqdefault.jpg?sqp=-oaymwEcCPYBEIoBSFXyq4qpAw4IARUAAIhCGAFwAcABBg==&rs=AOn4CLCUV-yVybQVNPNajKpy05iw0G04qQ
28/Dec/2021,88,GUILLE AQUINO PRESIDENTE | Trailer #1,Guille Aquino,1 day ago,160K views,Ya pod√©s ver el ESPECIAL DE 1 HORA | Entradas en el link http://www.alternativateatral.com/obra77196-guille-aquino-presidente,https://www.youtube.com/watch?v=jJmuPAj4d0E,https://www.youtube.com/c/GuilleAquino,https://i.ytimg.com/vi/jJmuPAj4d0E/hqdefault.jpg?sqp=-oaymwEcCPYBEIoBSFXyq4qpAw4IARUAAIhCGAFwAcABBg==&rs=AOn4CLDWue-Wy3uxOK1pSCEVaC3DShwK7A
28/Dec/2021,89,Poppy Playtime 005 #Shorts,Jake Fellman,7 days ago,33M views,Watch all of my horror animations here: https://www.youtube.com/watch?v=LvvPIc2DnG8&list=PLHTiqada2E2BlhjkZkYoONCth1hhyy8rh&index=2 Behind the scenes: https://www.youtube.com/watch?v=FRI4ixSn2sA&l...,https://www.youtube.com/shorts/bMDkGTme7aY,https://www.youtube.com/c/JakeFellman,https://i.ytimg.com/vi_webp/bMDkGTme7aY/hq2.webp
28/Dec/2021,90,Hice TODO lo que Ustedes me Retaron...,JustNova,6 days ago,1.2M views,El video m√°s insano que he grabado hasta ahora. S√≠gueme aqu√≠: ‚òÖ Twitch - https://www.twitch.tv/justnovalive ‚òÖ Twitter - https://twitter.com/JustNova111 ‚òÖ Instagram - https://www.instagram....,https://www.youtube.com/watch?v=RcreicgODtw,https://www.youtube.com/c/JustNova111,https://i.ytimg.com/vi/RcreicgODtw/hqdefault.jpg?sqp=-oaymwEcCPYBEIoBSFXyq4qpAw4IARUAAIhCGAFwAcABBg==&rs=AOn4CLBZPVlDhZ08wOrWYHV5q4T4hn1hAQ
28/Dec/2021,91,"Feid, KAROL G - FRIKI (Official Video)",Feid,6 days ago,5.4M views,"Feid, KAROL G - FRIKI (Official Video) ‚ÄòFRIKI‚Äô is OUT NOW. Listen on your favorite platform: https://feid.lnk.to/FRIKI!YTD Stream now ‚ÄúInter Shibuya: Ferxxo Edition‚Äù on your favorite...",https://www.youtube.com/watch?v=8tJARBd3ELE,https://www.youtube.com/channel/UCoMlNw7o21I7LqL4OsjSYAg,https://i.ytimg.com/vi/8tJARBd3ELE/hqdefault.jpg?sqp=-oaymwEcCPYBEIoBSFXyq4qpAw4IARUAAIhCGAFwAcABBg==&rs=AOn4CLAjqgSI20fFvwu-g0a05NjrGy0uag
28/Dec/2021,92,LE PEGU√â A LA CHICA QUE ME GUSTABA | Luli Gonzalez,Luli Gonzalez,8 days ago,405K views,no me digan que no la romp√≠ con mis dibujos ‚ùÄ Mis redes sociales ‚ùÄ ‚û§ Instagram: https://www.instagram.com/lulignzalez... ‚û§ Streams: https://www.twitch.tv/lulignzalez ‚û§ Twitter:...,https://www.youtube.com/watch?v=q8UUCUCh_xc,https://www.youtube.com/c/LuliGonzalez,https://i.ytimg.com/vi/q8UUCUCh_xc/hqdefault.jpg?sqp=-oaymwEcCPYBEIoBSFXyq4qpAw4IARUAAIhCGAFwAcABBg==&rs=AOn4CLAxIKvB_pUmf2JNFKxnaxvdTojqCQ
28/Dec/2021,93,Camilo - Pesadilla (Official Video),Camilo,13 days ago,9.8M views,Camilo - Pesadilla (Official Video) M√∫sica: Apple Music: https://Camilo.lnk.to/Pesadilla/applemusic Spotify: https://Camilo.lnk.to/Pesadilla/spotify Amazon: https://Camilo.lnk.to/Pesadilla/amaz...,https://www.youtube.com/watch?v=Eq4A8Hp4U_4,https://www.youtube.com/channel/UCw0aKHSGFGyrnMeVnHeYMyw,https://i.ytimg.com/vi/Eq4A8Hp4U_4/hqdefault.jpg?sqp=-oaymwEcCPYBEIoBSFXyq4qpAw4IARUAAIhCGAFwAcABBg==&rs=AOn4CLDV6_Dl7yDTBG3m1PTKcLu8Q8hY_w
28/Dec/2021,94,Colores y mi hijo deciden mi maquillaje (video viejo) #shorts,Nayelly Garc√≠a,8 days ago,1.3M views,#shorts #shortvideo No olvides seguirme en mis redes socialesüßö INSTAGRAM: https://instagram.com/yellymakeup?utm_medium=copy_link TIKTOK: https://vm.tiktok.com/ZMe3K4RyR/ INSTAGRAM...,https://www.youtube.com/shorts/RD8YddUg8iM,https://www.youtube.com/c/NayellyGarc%C3%ADa,https://i.ytimg.com/vi_webp/RD8YddUg8iM/hq2.webp
28/Dec/2021,95,Como hacer ratatouille como en la pel√≠cula üêÄ üòÄ f√°cil y sencillo,Ruben Alem√°n,9 days ago,4.7M views,,https://www.youtube.com/shorts/Vei_qc8LlhQ,https://www.youtube.com/c/RubenAleman,https://i.ytimg.com/vi_webp/Vei_qc8LlhQ/hq2.webp
28/Dec/2021,96,¬øLos MUSULMANES pueden USAR TATUAJES? El Pana Arabe RESPONDE #shorts #viral,El Pana Arabe,1 day ago,709K views,,https://www.youtube.com/shorts/O-eTkol9rD0,https://www.youtube.com/c/ElPanaArabe,https://i.ytimg.com/vi/O-eTkol9rD0/hq2.jpg
