Date extracted,Rank,Title,Video Length,Channel,Time posted,Views,Description,Video URL,Channel URL,Thumbnail URL
28/Dec/2021,1,DOY 300‚Ç¨ AL QUE M√ÅS ME HAGA RE√çR | SI TE R√çES PIERDES 11,14:26,Ibai,27/Dec/2021,3M views,Extra√≠do de mi canal de TWITCH: https://www.twitch.tv/ibai/ MI PODCAST: https://www.youtube.com/channel/UC6jNDNkoOKQfB5djK2IBDoA TWITTER: https://twitter.com/IbaiLlanos/ INSTAGRAM: https://www.in...,https://www.youtube.com/watch?v=yG8CuT0WH2s,https://www.youtube.com/channel/UCaY_-ksFSQtTGk0y1HA_3YQ,https://i.ytimg.com/vi/yG8CuT0WH2s/hqdefault.jpg?sqp=-oaymwEcCPYBEIoBSFXyq4qpAw4IARUAAIhCGAFwAcABBg==&rs=AOn4CLB2XykQ95fNw3deQhVEQ_siX0llPA
28/Dec/2021,2,El que gana el juego se lleva $100,14:35,SpreenDMC,27/Dec/2021,544K views,‚óè CANAL SECUNDARIO : ‚òÖ https://www.youtube.com/channel/UCgTOIiEgjm58xLjHvDjmgdA üëçMeta de LIKES: ‚òÖ ‚óè ¬°Sigueme por aqui! üëÄ ‚Ä¢ Instagram: https://www.instagram.com/ivan_buhaje/...,https://www.youtube.com/watch?v=yZg5cziDDTA,https://www.youtube.com/c/SpreenDMC1,https://i.ytimg.com/vi/yZg5cziDDTA/hqdefault.jpg?sqp=-oaymwEcCPYBEIoBSFXyq4qpAw4IARUAAIhCGAFwAcABBg==&rs=AOn4CLAGMVXMoy_ykH1Br--lpyaPhXIhqg
28/Dec/2021,3,EL GRAN CAMBIO DE FREDDY EN FNAF SECURITY BREACH,13:01,Jota.,27/Dec/2021,912K views,"Freddy es uno de los animatronicos mas carasteristicos de la saga de FNAF, pero su cambio de ser el robot mas emblematico que nos asustaba a ser el que nos protege NO ES UNA CASUALIDAD, este...",https://www.youtube.com/watch?v=pe-Rlk8zG3c,https://www.youtube.com/c/Jota17,https://i.ytimg.com/vi/pe-Rlk8zG3c/hqdefault.jpg?sqp=-oaymwEcCPYBEIoBSFXyq4qpAw4IARUAAIhCGAFwAcABBg==&rs=AOn4CLA6GrHL4TIzq4Ww_ahC6a8s2adoTA
28/Dec/2021,4,Compa√±ero rata | TeleKwai - Kwai App,SHORTS,Portico CE,27/Dec/2021,622K views,Tirando esos tips peligrosos ¬°Coment√°! Sigue nuestro canal de Youtube para ver m√°s historias como esta. https://bit.ly/PorticoCEYoutube Sigue nuestros perfiles de Kwai para descubrir todas...,https://www.youtube.com/shorts/ftxm5XJOdNI,https://www.youtube.com/c/PorticoCE,https://i.ytimg.com/vi/ftxm5XJOdNI/hq2.jpg
28/Dec/2021,5,Tienes 10.000.000 $ üò± | Fabru Blacutt,SHORTS,Fabru Blacutt,27/Dec/2021,2.2M views,,https://www.youtube.com/shorts/U-u6h_ipV2s,https://www.youtube.com/channel/UCTyMSsycWpY1bQxeyF3ywUw,https://i.ytimg.com/vi/U-u6h_ipV2s/hq2.jpg
28/Dec/2021,6,GUILLE AQUINO PRESIDENTE | Trailer #1,2:31,Guille Aquino,27/Dec/2021,183K views,Ya pod√©s ver el ESPECIAL DE 1 HORA | Entradas en el link http://www.alternativateatral.com/obra77196-guille-aquino-presidente,https://www.youtube.com/watch?v=jJmuPAj4d0E,https://www.youtube.com/c/GuilleAquino,https://i.ytimg.com/vi/jJmuPAj4d0E/hqdefault.jpg?sqp=-oaymwEcCPYBEIoBSFXyq4qpAw4IARUAAIhCGAFwAcABBg==&rs=AOn4CLDWue-Wy3uxOK1pSCEVaC3DShwK7A
28/Dec/2021,7,"El Juego del Calamar en la Vida Real por $456,000",25:23,MrBeast en Espa√±ol,26/Dec/2021,10M views,¬°ASEG√öRATE DE VER HASTA EL PUENTE DE CRISTAL ES UNA LOCURA! Nuevos productos - https://shopmrbeast.com/ üê∂ https://www.youtube.com/c/MrBeastenEspa√±ol?sub_confirmation=1 SUSCR√çBETE O ME...,https://www.youtube.com/watch?v=54Eu9Yzd7xc,https://www.youtube.com/c/MrBeastenEspa%C3%B1ol,https://i.ytimg.com/vi/54Eu9Yzd7xc/hqdefault.jpg?sqp=-oaymwEcCPYBEIoBSFXyq4qpAw4IARUAAIhCGAFwAcABBg==&rs=AOn4CLCQsoSKXUtwEM2Hc9te9aaqD_VZBw
28/Dec/2021,8,LA PEOR NAVIDAD,17:24,&loly&,27/Dec/2021,134K views,"Espero que les guste, los amo ‚ù§Ô∏è Comenten ‚Äúfeliz navidad‚Äù denle like al video y suscr√≠banse! MIS REDES Insta: https://www.instagram.com/lolaa_tomaszeuski/ Tik tok: https://www.tiktok.co...",https://www.youtube.com/watch?v=rEfPsCuyNJc,https://www.youtube.com/c/loly_oficial_,https://i.ytimg.com/vi/rEfPsCuyNJc/hqdefault.jpg?sqp=-oaymwEcCPYBEIoBSFXyq4qpAw4IARUAAIhCGAFwAcABBg==&rs=AOn4CLCsJ0iejEyvkRwBUaVWW88dvpWYuA
28/Dec/2021,9,Cuando eramos ni√±os! Soy Bans #shorts,SHORTS,Yo Soy Alfonso,27/Dec/2021,865K views,,https://www.youtube.com/shorts/e5fywHxkr14,https://www.youtube.com/c/YoSoyAlfonso,https://i.ytimg.com/vi/e5fywHxkr14/hq2.jpg
28/Dec/2021,10,El BRUTAL Proceso De Maquillaje De Jim Carrey Para EL GRINCH,SHORTS,Hello There,26/Dec/2021,1.6M views,,https://www.youtube.com/shorts/a9hrhi0LxMI,https://www.youtube.com/c/HelloThereOficial,https://i.ytimg.com/vi/a9hrhi0LxMI/hq2.jpg
28/Dec/2021,11,¬øLos MUSULMANES pueden USAR TATUAJES? El Pana Arabe RESPONDE #shorts #viral,SHORTS,El Pana Arabe,27/Dec/2021,838K views,,https://www.youtube.com/shorts/O-eTkol9rD0,https://www.youtube.com/c/ElPanaArabe,https://i.ytimg.com/vi/O-eTkol9rD0/hq2.jpg
28/Dec/2021,12,Santa RM - Mucho Para M√≠ (Ft. Franco Escamilla) [Video Oficial],5:10,SANTA RM,24/Dec/2021,1.3M views,Santa RM - Mucho Para M√≠ (Ft. Franco Escamilla) [Video Oficial] #SantaRM #FrancoEscamilla #AlkaProduce #MuchoParaM√≠ Kraken Label 2021 Disponible ya en spotify: https://open.spotify.com/album/5...,https://www.youtube.com/watch?v=ymJ1svwvpLQ,https://www.youtube.com/channel/UCwiiACQ5jBDLF1kbrdzVaWA,https://i.ytimg.com/vi/ymJ1svwvpLQ/hqdefault.jpg?sqp=-oaymwEcCPYBEIoBSFXyq4qpAw4IARUAAIhCGAFwAcABBg==&rs=AOn4CLCZ8ioUw6XD9for9uvzC2IqsNjVKg
28/Dec/2021,13,¬ø #sabiasque ? üèúüçû #datoscuriosos #aprender #curiosidades #shorts,SHORTS,Emmanuel Con Doble Eme,26/Dec/2021,611K views,,https://www.youtube.com/shorts/HFv3_lfffe4,https://www.youtube.com/channel/UCdk1PtTed5bhyQNvGVwzLZg,https://i.ytimg.com/vi_webp/HFv3_lfffe4/hq2.webp
28/Dec/2021,14,NUESTRA CASA SE CONGELA QUEDAMOS ATRAPADOS A -20¬∞C | LOS POLINESIOS VLOGS,21:39,LosPolinesios,26/Dec/2021,1.9M views,Familia aqu√≠ les dejamos el link del sitio web para que compren sus boletos para JUMP https://platicapolinesia.com/jump Aqu√≠ les dejamos el link de nuestro nuevo √°lbum: https://bfan.link/jump-6...,https://www.youtube.com/watch?v=uvcucTS7-CE,https://www.youtube.com/c/LosPolinesios,https://i.ytimg.com/vi/uvcucTS7-CE/hqdefault.jpg?sqp=-oaymwEcCPYBEIoBSFXyq4qpAw4IARUAAIhCGAFwAcABBg==&rs=AOn4CLDFa3mDqPZY0USG8YDkBFrsf-9BBw
28/Dec/2021,15,Colores y mi hijo deciden mi maquillaje (video viejo) #shorts,SHORTS,Nayelly Garc√≠a,20/Dec/2021,1.6M views,#shorts #shortvideo No olvides seguirme en mis redes socialesüßö INSTAGRAM: https://instagram.com/yellymakeup?utm_medium=copy_link TIKTOK: https://vm.tiktok.com/ZMe3K4RyR/ INSTAGRAM...,https://www.youtube.com/shorts/RD8YddUg8iM,https://www.youtube.com/c/NayellyGarc%C3%ADa,https://i.ytimg.com/vi_webp/RD8YddUg8iM/hq2.webp
28/Dec/2021,16,Y tu que tipo de persona eres? Cuchillo o cucharita? üôäüòù Te leemos en comentarios! #Shorts,SHORTS,Sky Games y Aventuras,24/Dec/2021,283K views,,https://www.youtube.com/shorts/OiZGI7BB9RQ,https://www.youtube.com/c/skygamesyaventuras,https://i.ytimg.com/vi/OiZGI7BB9RQ/hq2.jpg
28/Dec/2021,17,"THE SIMPSONS, BAD BUNNY - TE DESEO LO MEJOR (Official Video)",2:59,Bad Bunny,24/Dec/2021,16M views,"THE SIMPSONS, BAD BUNNY -TE DESEO LO MEJOR Trilogy Box Set - https://www.badbunnytrilogy.com/ https://elultimotourdelmundo.com/ Merch: https://shop.elultimotourdelmundo.com/ Subscribe to...",https://www.youtube.com/watch?v=m3xFuFPxOnw,https://www.youtube.com/channel/UCmBA_wu8xGg1OfOkfW13Q0Q,https://i.ytimg.com/vi/m3xFuFPxOnw/hqdefault.jpg?sqp=-oaymwEcCPYBEIoBSFXyq4qpAw4IARUAAIhCGAFwAcABBg==&rs=AOn4CLB3yhD865qFEVV6YG3SbxUS-vW_Tw
28/Dec/2021,18,Los dos son iguales üò°,SHORTS,AbrahahamFlores,25/Dec/2021,3.6M views,,https://www.youtube.com/shorts/S55S9did3ZE,https://www.youtube.com/c/AbrahahamFlores,https://i.ytimg.com/vi/S55S9did3ZE/hq2.jpg
28/Dec/2021,19,Ni√±os ANTES VS AHORA abriendo los regalos de navidad #shorts üòÇüéÅ,SHORTS,animaLize21,24/Dec/2021,6.5M views,,https://www.youtube.com/shorts/IQCEZalHaq8,https://www.youtube.com/channel/UCppOwOsa03UcijjFbvo8vNg,https://i.ytimg.com/vi/IQCEZalHaq8/hq2.jpg
28/Dec/2021,20,YOUTUBERS REACCIONANDO A MI √ÅRBOL DE NAVIDAD - DjMaRiiO,9:46,DjMaRiiO,25/Dec/2021,1.3M views,‚ñ∫SUSCR√çBETE AQU√ç: http://goo.gl/Fd9Cwb ‚ñ∫Hazte MIEMBRO aqu√≠: https://goo.gl/ey73W1 ‚ûúTikTok: https://www.tiktok.com/@djmariio ‚ûúINSTAGRAM: https://instagram.com/DjMaRiiO ‚ûúTWITTER:...,https://www.youtube.com/watch?v=JyOPoq5OCgA,https://www.youtube.com/user/DjMaRiiO,https://i.ytimg.com/vi/JyOPoq5OCgA/hqdefault.jpg?sqp=-oaymwEcCPYBEIoBSFXyq4qpAw4IARUAAIhCGAFwAcABBg==&rs=AOn4CLAfoYZq2Zp2Hm9q3yszWdUdHaLCiA
28/Dec/2021,21,La Mayor√≠a No Sabe C√≥mo Funcionan las Bicicletas,10:13,Veritasium en espa√±ol,26/Dec/2021,502K views,"¬øPor qu√© son estables las bicicletas? La respuesta m√°s com√∫n se le atribuye al efecto girosc√≥pico, pero esto No es correcto. üö≤SUSCR√çBETE para ver todos nuestros videos: https://www.youtube...",https://www.youtube.com/watch?v=E-zHtpLf4mE,https://www.youtube.com/c/Veritasiumenespa%C3%B1ol,https://i.ytimg.com/vi/E-zHtpLf4mE/hqdefault.jpg?sqp=-oaymwEcCPYBEIoBSFXyq4qpAw4IARUAAIhCGAFwAcABBg==&rs=AOn4CLCvTJ5LruNy4eRL75zR9qItKsPUOA
28/Dec/2021,22,"Rodezel, Barca, JCBG, Jaime, Hasvik - OTRA VEZ (Official Video)",3:06,Rodezel,26/Dec/2021,896K views,OTRA VEZ ya disponible en todas las plataformas. Escucha OTRA VEZ en Spotify: https://open.spotify.com/album/7ieVSW0ouHc1fOmSUe93XC?si=P8gCgGTJQrSjkd8axAnMEQ Jaime: https://www.instagram.com/jaim...,https://www.youtube.com/watch?v=ZXpk7tv47kc,https://www.youtube.com/channel/UC1wWox4z6uCxxd-0JKmOMHA,https://i.ytimg.com/vi/ZXpk7tv47kc/hqdefault.jpg?sqp=-oaymwEcCPYBEIoBSFXyq4qpAw4IARUAAIhCGAFwAcABBg==&rs=AOn4CLBgc-tZAiTPuwgwWOO1UBRYMDpk-g
28/Dec/2021,23,Renuncia colectiva en EE. UU.: ¬øPor qu√© millones de personas est√°n abandonando sus empleos?,2:04,FRANCE 24 Espa√±ol,27/Dec/2021,341K views,"Mientras millones de personas se aferran a sus puestos de trabajo en medio de una incertidumbre econ√≥mica mundial, en Estados Unidos millones de trabajadores han abandonado sus empleos. Los...",https://www.youtube.com/watch?v=V6hz3ConXsw,https://www.youtube.com/c/FRANCE24Espa%C3%B1ol,https://i.ytimg.com/vi/V6hz3ConXsw/hqdefault.jpg?sqp=-oaymwEcCPYBEIoBSFXyq4qpAw4IARUAAIhCGAFwAcABBg==&rs=AOn4CLCPex6L6qxoTGB2Pgds2ul2FYEbfw
28/Dec/2021,24,Cuando ABRES los REGALOS de NAVIDADüéÅüéÑ#shorts,SHORTS,YERRIKILLERXD,23/Dec/2021,10M views,,https://www.youtube.com/shorts/N5Wx4uO_ETI,https://www.youtube.com/c/YERRIKILLERXD,https://i.ytimg.com/vi/N5Wx4uO_ETI/hq2.jpg
28/Dec/2021,25,ESTO HUELE MUY MAL !! - Rocket League Sideswipe | Fernanfloo,12:35,Fernanfloo,25/Dec/2021,2.5M views,Gracias a EPIC por patrocinar este video!!. Descarga GRATIS el juego aqu√≠ ‚Üí https://pixly.go2cloud.org/SH2s8 Mis redes sociales: Instagram ‚Üí https://instagram.com/fernanfloo TIK...,https://www.youtube.com/watch?v=zuJ-13jwH6M,https://www.youtube.com/user/Fernanfloo,https://i.ytimg.com/vi/zuJ-13jwH6M/hqdefault.jpg?sqp=-oaymwEcCPYBEIoBSFXyq4qpAw4IARUAAIhCGAFwAcABBg==&rs=AOn4CLCQuH2KmXbD37YI3mHgEmNSxFsIuw
28/Dec/2021,26,Kaleb Di Masi ‚ùå DJ Tao - Air Force (Video Oficial),2:49,KALEB DI MASI,24/Dec/2021,1M views,üëâ KALEB DI MASI: https://www.instagram.com/kalebdimasibaby/ Prod by üëâ DJ TAO: https://www.instagram.com/djtao.ok/ Letra: Kaleb Di Masi Baby DJ Tao Hoy se pone turra la wacha y se...,https://www.youtube.com/watch?v=Xj20CM2w8Ek,https://www.youtube.com/channel/UCkhYQOiA7AlkGJUQlL8pmSA,https://i.ytimg.com/vi/Xj20CM2w8Ek/hqdefault.jpg?sqp=-oaymwEcCPYBEIoBSFXyq4qpAw4IARUAAIhCGAFwAcABBg==&rs=AOn4CLDluHmbGjOHI1g3tp1r-DNBr2d-Hw
28/Dec/2021,27,XI'AN: ¬øEL PEOR CONFINAMIENTO DE CHINA DESDE WUHAN? | Jabiertzo,10:30,Jabiertzo,26/Dec/2021,269K views,"En este v√≠deo hablamos de c√≥mo est√° la situaci√≥n en Xi‚Äôan, una ciudad de 13 millones de habitantes a la que se ha aplicado un confinamiento casi total. Veremos qu√© restricciones tienen...",https://www.youtube.com/watch?v=0iG5-mm-px8,https://www.youtube.com/c/Jabiertzo,https://i.ytimg.com/vi/0iG5-mm-px8/hqdefault.jpg?sqp=-oaymwEcCPYBEIoBSFXyq4qpAw4IARUAAIhCGAFwAcABBg==&rs=AOn4CLBYqy7SxNCBHjaxV2cu66kptw-Tpg
28/Dec/2021,28,PREPAR√â UN PASTEL PARA EL SUPER TRUCHA Y DESTRU√ç LA COCINA üò∞ Cecia Loaiza‚ú®,21:39,Cecia Loaiza,26/Dec/2021,635K views,"‚ú® HELLO TO EVERYBODY ‚ú® Plebones espero que les haya dado gusto el tenerme de nuevo por ac√°, me encantar√≠a que te suscribieras a mi canal y me escribas ac√° abajo que videos te gustar√≠a...",https://www.youtube.com/watch?v=JwyLpn339Vs,https://www.youtube.com/channel/UCEv3u4RVNiQtNg4Usx0qyYA,https://i.ytimg.com/vi/JwyLpn339Vs/hqdefault.jpg?sqp=-oaymwEcCPYBEIoBSFXyq4qpAw4IARUAAIhCGAFwAcABBg==&rs=AOn4CLCKYqMU2Sir_1BUgJkrp0z1oz3Q3Q
28/Dec/2021,29,Kep1er ÏºÄÌîåÎü¨ | 1st Mini Album ‚ÄòFIRST IMPACT' Connection Film,1:27,Kep1er,26/Dec/2021,911K views,Kep1er ÏºÄÌîåÎü¨ | 1st Mini Album ‚ÄòFIRST IMPACT' Connection Film 2022.1.3(MON) 6PM(KST) Kep1er Official Instagram : https://www.instagram.com/official.kep1er/ Twitter : https://twitter.com/off...,https://www.youtube.com/watch?v=qgINd69JKbs,https://www.youtube.com/c/Kep1er_Offcl,https://i.ytimg.com/vi/qgINd69JKbs/hqdefault.jpg?sqp=-oaymwEcCPYBEIoBSFXyq4qpAw4IARUAAIhCGAFwAcABBg==&rs=AOn4CLDSrHQKA1eTcPZCyPWuyoi1RSU4tA
28/Dec/2021,30,Le regal√© un LAMBORGHINI en su cumplea√±os üéÇüò± Kimberly Loaiza,59:29,Kimberly Loaiza,24/Dec/2021,10M views,LINDURAS GRACIAS POR VER ESTE VIDEO ME ENCANTARIA QUE LE DIERAN LIKE Y LO COMPARTIERAN FUERA DE GRAN AYUDA ‚ú® S√≠gueme en mis redes sociales ‚ú® Instagram: https://www.instagram.com/kimberl...,https://www.youtube.com/watch?v=MO8Be-IAqps,https://www.youtube.com/c/KimberlyLoaiza,https://i.ytimg.com/vi/MO8Be-IAqps/hqdefault.jpg?sqp=-oaymwEcCPYBEIoBSFXyq4qpAw4IARUAAIhCGAFwAcABBg==&rs=AOn4CLAqVQXcuaYLV9SjANpFt8TohKln9A
28/Dec/2021,31,ALL ANIMATRONICS EXPLAINED in FNAF Security Breach üö® SCORING The JUMPSCARE,12:32,NintenD√∫o,24/Dec/2021,880K views,These are all the animatronics and references to animatronics that you can find in FNAF Security Breach. We also take a look at all their jumpscare and rate them. ‚≠êÔ∏è Join our NINTENDERA...,https://www.youtube.com/watch?v=HBr8EL-NRmY,https://www.youtube.com/c/NintenD%C3%BAoES,https://i.ytimg.com/vi/HBr8EL-NRmY/hqdefault.jpg?sqp=-oaymwEcCPYBEIoBSFXyq4qpAw4IARUAAIhCGAFwAcABBg==&rs=AOn4CLCFtjaCnZ3MiC51myg9BEWpprwkrQ
28/Dec/2021,32,La Resurrecci√≥n de Matrix en Latinoam√©rica | enchufetv,4:57,enchufetv,26/Dec/2021,825K views,"Neo aprendi√≥ a esquivar balas en Latinoam√©ricaüòé no tengo pruebas pero tampoco dudas üôÉ #Sketchenchufetv #enchufetv Si te roban en la Matrix, te roban en Latinoam√©rica. ¬°No, esperen!...",https://www.youtube.com/watch?v=ELgv5uf_0XQ,https://www.youtube.com/c/enchufetv,https://i.ytimg.com/vi/ELgv5uf_0XQ/hqdefault.jpg?sqp=-oaymwEcCPYBEIoBSFXyq4qpAw4IARUAAIhCGAFwAcABBg==&rs=AOn4CLBjh8b5YU01ZeQy9ERju2JFfLFE2w
28/Dec/2021,33,Rauw Alejandro - Hunter (Video Oficial),4:57,RauwAlejandroTv,24/Dec/2021,4.8M views,Rauw Alejandro Hunter (Video Oficial) Suscr√≠bete al canal: https://goo.gl/Cqxmma Sigue a Rauw: Instagram: https://www.instagram.com/rauwalejandro Facebook: https://www.facebook.com/rauwalejandro...,https://www.youtube.com/watch?v=1246blVYb4c,https://www.youtube.com/channel/UC_Av98lDjf5KvFib5elhpYg,https://i.ytimg.com/vi/1246blVYb4c/hqdefault.jpg?sqp=-oaymwEcCPYBEIoBSFXyq4qpAw4IARUAAIhCGAFwAcABBg==&rs=AOn4CLBzdmTXlgegxcT52U9RAlOakBMRuw
28/Dec/2021,34,JEON SOMI (Ï†ÑÏÜåÎØ∏) - ‚ÄòAnymore‚Äô M/V,3:25,THEBLACKLABEL,25/Dec/2021,15M views,JEON SOMI ‚ÄòXOXO‚Äô THE FIRST ALBUM ON ALL STREAMING PLATFORMS üîä http://JEONSOMI.lnk.to/XOXO JEON SOMI ‚ÄòAnymore‚Äô You got me second guessing everything You mess me up You mess me...,https://www.youtube.com/watch?v=DOBjwlfIZdE,https://www.youtube.com/c/THEBLACKLABEL,https://i.ytimg.com/vi/DOBjwlfIZdE/hqdefault.jpg?sqp=-oaymwEcCPYBEIoBSFXyq4qpAw4IARUAAIhCGAFwAcABBg==&rs=AOn4CLA6habArFDUYfo0r7fwZ2KacVNYqA
28/Dec/2021,35,"Stray Kids(Ïä§Ìä∏Î†àÏù¥ÌÇ§Ï¶à), ÌÅ¨Î¶¨Ïä§ÎßàÏä§ ÌäπÎ≥Ñ Î¨¥ÎåÄ ‚ÄòÏÜåÎ¶¨Íæº (Christmas Ver.)‚Äô„Ö£2021 SBS Í∞ÄÏöîÎåÄÏ†Ñ(2021sbsgayo)„Ö£SBS ENTER.",4:17,SBS Entertainment,25/Dec/2021,1M views,2021 Í∞ÄÏöîÎåÄÏ†Ñ SBS ÏòàÎä• ‚Äò2021 SBS Í∞ÄÏöîÎåÄÏ†Ñ(2021sbsgayo)‚Äô ‚òû 12Ïõî 25Ïùº Ïò§ÌõÑ 6Ïãú Î≥∏ Î∞©ÏÜ° #2021SBSÍ∞ÄÏöîÎåÄÏ†Ñ #StrayKids #Ïä§Ìä∏Î†àÏù¥ÌÇ§Ï¶à ‚ñ∂ Hompage : https://www.sbs.co....,https://www.youtube.com/watch?v=BTA1iARSDGI,https://www.youtube.com/user/entertainmentSBS,https://i.ytimg.com/vi/BTA1iARSDGI/hqdefault.jpg?sqp=-oaymwEcCPYBEIoBSFXyq4qpAw4IARUAAIhCGAFwAcABBg==&rs=AOn4CLD0PxJeWkkGWuOtLj3wJ9pu2zAMxQ
28/Dec/2021,36,Desplegando el universo: El lanzamiento del Telescopio espacial James Webb,1:25:31,NASA en Espa√±ol,25/Dec/2021,356K views,"Sintoniza el lanzamiento del telescopio espacial James Webb, el observatorio espacial m√°s grande y complejo jam√°s construido, el cual nos permitir√° estudiar la formaci√≥n de las primeras...",https://www.youtube.com/watch?v=tlDQCmwGM5g,https://www.youtube.com/c/nasa_es,https://i.ytimg.com/vi/tlDQCmwGM5g/hqdefault.jpg?sqp=-oaymwEcCPYBEIoBSFXyq4qpAw4IARUAAIhCGAFwAcABBg==&rs=AOn4CLCad4mgPuH6CtAj1xAO2ddfudyoyg
28/Dec/2021,37,Los Palmeras & La Delio Valdez - Noche de Cumbia | El Cafetero / La Zenaida / Loquito por Ti,12:33,LA DELIO VALDEZ,24/Dec/2021,258K views,NOCHE DE CUMBIA! En vivo en el #LunaPark Tracklist El Cafetero La Zenaida Loquito Por Ti Videos realizados por: Conurbana Audiovisual Sigannos en nuestras redes: https://www.instagram.com/orque...,https://www.youtube.com/watch?v=Lr63I4IZOPU,https://www.youtube.com/channel/UCi4rr5hrr_tNwGM67E9UKOg,https://i.ytimg.com/vi/Lr63I4IZOPU/hqdefault.jpg?sqp=-oaymwEcCPYBEIoBSFXyq4qpAw4IARUAAIhCGAFwAcABBg==&rs=AOn4CLC3viJn7YFQjtkjestrTcYeMeu_9g
28/Dec/2021,38,CUANDO DE PEQUE√ëO JUGABAS A LA Wii ü•µüéÆ #shorts,SHORTS,Pedro Palencia,23/Dec/2021,3.9M views,,https://www.youtube.com/shorts/wfXH-NK-Yfg,https://www.youtube.com/c/PedroPalencia,https://i.ytimg.com/vi/wfXH-NK-Yfg/hq2.jpg
28/Dec/2021,39,ÌÅ¨Î¶¨Ïä§ÎßàÏä§ Ïò§ÌîÑÎãù Ïä§ÌéòÏÖú Î¨¥ÎåÄ ‚ÄòAll I Want for Christmas Is You‚ô¨‚Äô„Ö£2021 SBS Í∞ÄÏöîÎåÄÏ†Ñ(2021sbsgayo)„Ö£SBS ENTER.,3:55,SBS Entertainment,25/Dec/2021,2.2M views,2021 SBS Í∞ÄÏöîÎåÄÏ†Ñ SBS ÏòàÎä• ‚Äò2021 SBS Í∞ÄÏöîÎåÄÏ†Ñ(2021sbsgayo)‚Äô ‚òû 12Ïõî 25Ïùº Ïò§ÌõÑ 6Ïãú Î≥∏ Î∞©ÏÜ° #2021SBSÍ∞ÄÏöîÎåÄÏ†Ñ #ÌÅ¨Î¶¨Ïä§ÎßàÏä§ #Ïò§ÌîÑÎãùÎ¨¥ÎåÄ ‚ñ∂ Hompage : https://www....,https://www.youtube.com/watch?v=cZ8QC64Yytk,https://www.youtube.com/user/entertainmentSBS,https://i.ytimg.com/vi/cZ8QC64Yytk/hqdefault.jpg?sqp=-oaymwEcCPYBEIoBSFXyq4qpAw4IARUAAIhCGAFwAcABBg==&rs=AOn4CLAmvkMwexnVCAXnjcJ9ZuqKxnR8cg
28/Dec/2021,40,Marco Antonio Sol√≠s - Navidad Sin Ti 2021,3:40,Marco Antonio Sol√≠s,25/Dec/2021,903K views,,https://www.youtube.com/watch?v=MHe54g4Ya80,https://www.youtube.com/channel/UCIKg4QVg91aCWxXWlUkKDLw,https://i.ytimg.com/vi/MHe54g4Ya80/hqdefault.jpg?sqp=-oaymwEcCPYBEIoBSFXyq4qpAw4IARUAAIhCGAFwAcABBg==&rs=AOn4CLAY2MU3yVRA5U8kIHN24pUuHf4Acw
28/Dec/2021,41,Los MODS MENOS DESCARGADOS de MINECRAFT,13:09,Farfadox,23/Dec/2021,897K views,Larga vida al mod del Dulce de Leche ( Õ°¬∞‚ÄØÕú ñ Õ°¬∞)‚úå - Proba suerte con KeyDrop: https://key-drop.com/es CODIGO 0.55 USD: FARFADOX ----------------------------------------------------------...,https://www.youtube.com/watch?v=Q1EqYv5VqvA,https://www.youtube.com/c/Farfadox,https://i.ytimg.com/vi/Q1EqYv5VqvA/hqdefault.jpg?sqp=-oaymwEcCPYBEIoBSFXyq4qpAw4IARUAAIhCGAFwAcABBg==&rs=AOn4CLAU2RVpCJyLTW-TEzdqZo15cUuK_A
28/Dec/2021,42,JUKILOP ME DA EL MEJOR REGALO DE CUMPLEA√ëOS üéÅ üò≠/ el s√∫per trucha,20:49,El Super Trucha,24/Dec/2021,3M views,HOLA TRUCHITAS GRACIAS POR VOLVER A VERME SE QUE ES ALGO FACIL ;) COMENTA QUE MAS QUIERES VER EN ESTA PECERA Te dejo mis redesüêü üêü INSTAGRAM: https://www.instagram.com/elsupertruc.....,https://www.youtube.com/watch?v=IR75whq6Pnw,https://www.youtube.com/c/ElSuperTrucha,https://i.ytimg.com/vi/IR75whq6Pnw/hqdefault.jpg?sqp=-oaymwEcCPYBEIoBSFXyq4qpAw4IARUAAIhCGAFwAcABBg==&rs=AOn4CLCoIqGCLOIB61IUHP5w0O7JIoKASQ
28/Dec/2021,43,"Parto de Bella Elis... As√≠ fue nuestro dia, Karlis Romero y Gustavo Elis",24:38,Karlis Romero,26/Dec/2021,325K views,,https://www.youtube.com/watch?v=DrioiPPVLqU,https://www.youtube.com/c/KarlisRomero,https://i.ytimg.com/vi/DrioiPPVLqU/hqdefault.jpg?sqp=-oaymwEcCPYBEIoBSFXyq4qpAw4IARUAAIhCGAFwAcABBg==&rs=AOn4CLDlzI2Tr1C9vfi_o01nzlQ0kir2nA
28/Dec/2021,44,DONANDO a STREAMERS por NAVIDAD üéÖ,19:13,JuanSGuarnizo,24/Dec/2021,1.9M views,"Otro a√±o, otra navidad y otro donando a streamers navide√±o, desde Grefg, Spreen, Ari y Staryukii. Espero les guste y feliz navidad. :D Canal secundario: https://www.youtube.com/watch?v=rwngjcyH4...",https://www.youtube.com/watch?v=yyhjs-fjgQw,https://www.youtube.com/c/JuanSGuarnizo,https://i.ytimg.com/vi/yyhjs-fjgQw/hqdefault.jpg?sqp=-oaymwEcCPYBEIoBSFXyq4qpAw4IARUAAIhCGAFwAcABBg==&rs=AOn4CLDe4zbTTRsDVfvOKV_TcXp9mxj2fw
28/Dec/2021,45,Rep√∫blica Centroamericana,SHORTS,Historia Para Tontos Oficial,24/Dec/2021,1.2M views,,https://www.youtube.com/shorts/_CHbi1EFLcs,https://www.youtube.com/channel/UCVvYB5q5UJ4KZwlYdVW35zA,https://i.ytimg.com/vi/_CHbi1EFLcs/hq2.jpg
28/Dec/2021,46,Cocinando la cena Navide√±a ü§£| Leslie Mckenzzie üíï,SHORTS,Leslie Mckenzzie,25/Dec/2021,1.1M views,,https://www.youtube.com/shorts/ZZaILThdKwI,https://www.youtube.com/c/LeslieMckenzzie,https://i.ytimg.com/vi_webp/ZZaILThdKwI/hq2.webp
28/Dec/2021,47,Eso no se decide r√°pido! Soy Bans #shorts,SHORTS,Yo Soy Alfonso,23/Dec/2021,1.6M views,,https://www.youtube.com/shorts/z8Mo4hXX1zI,https://www.youtube.com/c/YoSoyAlfonso,https://i.ytimg.com/vi/z8Mo4hXX1zI/hq2.jpg
28/Dec/2021,48,REMODELO LOS ZAPATOS M√ÅS USADOS POR SANDRA CIRES ART | Regalo Sorpresa | HaroldArtist,9:45,HaroldArtist,24/Dec/2021,862K views,"Hoy les traigo un video super especial ! Me decid√≠ a remodelar o restaurar los zapatos mas usados por Sandra Cires Art, unos zapatos a los que yo los llame los TIKI TAKAS por su gran historia...",https://www.youtube.com/watch?v=qwmMZmDAlMo,https://www.youtube.com/c/HaroldArtist,https://i.ytimg.com/vi/qwmMZmDAlMo/hqdefault.jpg?sqp=-oaymwEcCPYBEIoBSFXyq4qpAw4IARUAAIhCGAFwAcABBg==&rs=AOn4CLB_F8tvl0HSAisJlwkgZi_5WjAjrQ
28/Dec/2021,49,BROMA PESADA a IAN LUCAS *TRAIGO A VIVIR A UN AMIGO* Ft TEODM y NICK SICARO!,10:18,Mati Soste,24/Dec/2021,164K views,"Escucha ""Me Pido Perd√≥n"": https://youtu.be/Yb8Wl_XQfxk SEGUIME EN INSTAGRAM: https://instagram.com/matiassoste TIKTOK: https://vm.tiktok.com/ZMe2PBUsB/ Primer Broma/C√°mara oculta que hago...",https://www.youtube.com/watch?v=cE6JtuqA6Ak,https://www.youtube.com/c/MatiSoste,https://i.ytimg.com/vi/cE6JtuqA6Ak/hqdefault.jpg?sqp=-oaymwEcCPYBEIoBSFXyq4qpAw4IARUAAIhCGAFwAcABBg==&rs=AOn4CLBK_s5THVzfjSo8NpSKpF4yV9QL8Q
28/Dec/2021,50,¬°REGRES√â Y ESTA ES MI NUEVA VIDA! Esto me sucede ahora ‚ù§Ô∏è-Yuya,22:25,Yuya,24/Dec/2021,2.3M views,"¬°Hola, hola guapuras! Que hermoso volvernos a encontrar por aqu√≠. Estoy emocionada y muy, muy feliz por compartir un poquito con ustedes de esta nueva etapa con mi Mar. Gracias por estar...",https://www.youtube.com/watch?v=wd_MQ3os0M0,https://www.youtube.com/c/Yuya,https://i.ytimg.com/vi/wd_MQ3os0M0/hqdefault.jpg?sqp=-oaymwEcCPYBEIoBSFXyq4qpAw4IARUAAIhCGAFwAcABBg==&rs=AOn4CLDgzipT9zDItPpGF3OSJSZ4_vWhmw
